#
# A fatal error has been detected by the Java Runtime Environment:
#
#  EXCEPTION_ACCESS_VIOLATION (0xc0000005) at pc=0x0000017a8d2f68be, pid=21976, tid=11408
#
# JRE version: OpenJDK Runtime Environment Microsoft-13106404 (21.0.10+7) (build 21.0.10+7-LTS)
# Java VM: OpenJDK 64-Bit Server VM Microsoft-13106404 (21.0.10+7-LTS, mixed mode, sharing, tiered, compressed oops, compressed class ptrs, g1 gc, windows-amd64)
# Problematic frame:
# J 8201 c1 com.sun.tools.javac.jvm.PoolWriter$WriteablePoolHelper.writeConstant(Lcom/sun/tools/javac/jvm/PoolConstant;)V jdk.compiler@21.0.10 (843 bytes) @ 0x0000017a8d2f68be [0x0000017a8d2f5000+0x00000000000018be]
#
# No core dump will be written. Minidumps are not enabled by default on client versions of Windows
#
# If you would like to submit a bug report, please visit:
#   https://github.com/microsoft/openjdk/issues
#

---------------  S U M M A R Y ------------

Command Line: --enable-native-access=ALL-UNNAMED -Dclassworlds.conf=C:\Users\jorge\scoop\apps\maven\current\bin\m2.conf -Dmaven.home=C:\Users\jorge\scoop\apps\maven\current -Dlibrary.jansi.path=C:\Users\jorge\scoop\apps\maven\current\lib\jansi-native -Dmaven.multiModuleProjectDirectory=C:\Users\jorge\OneDrive\Desktop\Backend III\Semana 4\Banco-central\banco-central-xyz org.codehaus.plexus.classworlds.launcher.Launcher clean compile

Host: Intel(R) Core(TM) i5-10600K CPU @ 4.10GHz, 12 cores, 15G,  Windows 10 , 64 bit Build 19041 (10.0.19041.5915)
Time: Wed Sep  2 18:31:20 2026 Hora est. Sudamérica Pacífico elapsed time: 5.263136 seconds (0d 0h 0m 5s)

---------------  T H R E A D  ---------------

Current thread (0x0000017a84b62de0):  JavaThread "main"             [_thread_in_Java, id=11408, stack(0x00000059a8f00000,0x00000059a9000000) (1024K)]

Stack: [0x00000059a8f00000,0x00000059a9000000],  sp=0x00000059a8ffd370,  free space=1012k
Native frames: (J=compiled Java code, j=interpreted, Vv=VM code, C=native code)
C  0x0000017a8d2f68be  (no source info available)

The last pc belongs to nmethod (printed below).

siginfo: EXCEPTION_ACCESS_VIOLATION (0xc0000005), reading address 0x000000000000000b


Registers:
RAX=0x0000000702ad1270, RBX=0x0000017aa649ab00, RCX=0x0000000000000001, RDX=0x0000000702ad1258
RSP=0x00000059a8ffd370, RBP=0x00000059a8ffd6f8, RSI=0x00000000000001dd, RDI=0x00000000000001de
R8 =0x0000000000000003, R9 =0x0000000702ad1270, R10=0x00000000e055a24e, R11=0x0000000000007fff
R12=0x0000000000000000, R13=0x0000017a8d2f5084, R14=0x00000059a8ffd360, R15=0x0000017a84b62de0
RIP=0x0000017a8d2f68be, EFLAGS=0x0000000000010206

XMM[0]=0x0000000000000000 0x0000000000000000
XMM[1]=0x0000000000000000 0x0000000000000000
XMM[2]=0x0000000000000000 0x756c6f432e65636e
XMM[3]=0xff00ff00ff00ff00 0xff00ff00ff00ff00
XMM[4]=0x0000000000000000 0x0000000000000000
XMM[5]=0x0000000000000000 0x0000000000000000
XMM[6]=0x0000000000000000 0xe14fd9ee5ca39977
XMM[7]=0x0000000000000000 0xf623122fdace22a9
XMM[8]=0x0000000000000000 0xb644e0ef5c52007f
XMM[9]=0x0000000000000000 0x68420e9981c4f760
XMM[10]=0x0000000000000000 0x000000001982e8c7
XMM[11]=0x0000000000000000 0xc38ab632454fad92
XMM[12]=0x0000000000000000 0x0000000081c4f760
XMM[13]=0x0000000000000000 0x00000000bb7c6c18
XMM[14]=0x0000000000000000 0x4bb556e255294a23
XMM[15]=0x0000000000000000 0x000000000973f341
  MXCSR=0x00001fa0


Register to memory mapping:

RAX=0x0000000702ad1270 is an oop: [B 
{0x0000000702ad1270} - klass: {type array byte}
 - length: 32767
RBX=0x0000017aa649ab00 is a pointer to class: 
com.sun.tools.javac.jvm.PoolConstant$LoadableConstant$BasicConstant {0x0000017aa649ab08}
 - instance size:     3
 - klass size:        75
 - access:            public synchronized 
 - flags:             rewritten has_nonstatic_fields should_verify_class has_nonstatic_concrete_methods has_localvariable_table 
 - state:             fully_initialized
 - name:              'com/sun/tools/javac/jvm/PoolConstant$LoadableConstant$BasicConstant'
 - super:             'java/lang/Object'
 - sub:               
 - arrays:            null
 - methods:           Array<T>(0x0000017ae8037f98)
 - method ordering:   Array<T>(0x0000017aa5b28a88)
 - local interfaces:  Array<T>(0x0000017ae8037f88)
 - trans. interfaces: Array<T>(0x0000017ae8037fd8)
 - secondary supers: Array<T>(0x0000017ae8046258)
 - hash_slot:         52
 - bitmap:            0x0000000001002000
 - constants:         constant pool [39] {0x0000017ae8037de8} for 'com/sun/tools/javac/jvm/PoolConstant$LoadableConstant$BasicConstant' cache=0x0000017ae8046270
 - class loader data:  loader data: 0x0000017aa4484770 for instance a 'jdk/internal/loader/ClassLoaders$AppClassLoader'{0x0000000701200b68}
 - source file:       'PoolConstant.java'
 - inner classes:     Array<T>(0x0000017ae8037fb8)
 - nest members:     Array<T>(0x0000017aa5611a48)
 - permitted subclasses:     Array<T>(0x0000017aa5611a48)
 - java mirror:       a 'java/lang/Class'{0x0000000705566d18} = 'com/sun/tools/javac/jvm/PoolConstant$LoadableConstant$BasicConstant'
 - vtable length      7  (start addr: 0x0000017aa649acd0)
 - itable length      9 (start addr: 0x0000017aa649ad08)
 - ---- static fields (0 words):
 - ---- non-static fields (2 words):
 - 'tag' 'I' @12 
 - 'data' 'Ljava/lang/Object;' @16 
 - non-static oop maps: 16-16 
RCX=0x0000000000000001 is an unknown value
RDX=0x0000000702ad1258 is an oop: com.sun.tools.javac.util.ByteBuffer 
{0x0000000702ad1258} - klass: 'com/sun/tools/javac/util/ByteBuffer'
 - ---- fields (total size 3 words):
 - public 'length' 'I' @12  478 (0x000001de)
 - public 'elems' '[B' @16  [B{0x0000000702ad1270} (0xe055a24e)
RSP=0x00000059a8ffd370 is pointing into the stack for thread: 0x0000017a84b62de0
RBP=0x00000059a8ffd6f8 is pointing into the stack for thread: 0x0000017a84b62de0
RSI=0x00000000000001dd is an unknown value
RDI=0x00000000000001de is an unknown value
R8 =0x0000000000000003 is an unknown value
R9 =0x0000000702ad1270 is an oop: [B 
{0x0000000702ad1270} - klass: {type array byte}
 - length: 32767
R10=3763708494 is a compressed pointer to object: [B 
{0x0000000702ad1270} - klass: {type array byte}
 - length: 32767
R11=0x0000000000007fff is an unknown value
R12=0x0 is null
R13=0x0000017a8d2f5084 is at entry_point+132 in (nmethod*)0x0000017a8d2f4790
Compiled method (c1) 5271 8201       2       com.sun.tools.javac.jvm.PoolWriter$WriteablePoolHelper::writeConstant (843 bytes)
 total in heap  [0x0000017a8d2f4790,0x0000017a8d2f9798] = 20488
 relocation     [0x0000017a8d2f48f0,0x0000017a8d2f4fe8] = 1784
 main code      [0x0000017a8d2f5000,0x0000017a8d2f72f8] = 8952
 stub code      [0x0000017a8d2f72f8,0x0000017a8d2f77e8] = 1264
 oops           [0x0000017a8d2f77e8,0x0000017a8d2f7800] = 24
 metadata       [0x0000017a8d2f7800,0x0000017a8d2f7980] = 384
 scopes data    [0x0000017a8d2f7980,0x0000017a8d2f8398] = 2584
 scopes pcs     [0x0000017a8d2f8398,0x0000017a8d2f92d8] = 3904
 dependencies   [0x0000017a8d2f92d8,0x0000017a8d2f9318] = 64
 handler table  [0x0000017a8d2f9318,0x0000017a8d2f93f0] = 216
 nul chk table  [0x0000017a8d2f93f0,0x0000017a8d2f9798] = 936
R14=0x00000059a8ffd360 is pointing into the stack for thread: 0x0000017a84b62de0
R15=0x0000017a84b62de0 is a thread

Top of Stack: (sp=0x00000059a8ffd370)
0x00000059a8ffd370:   0000017a84b62de0 00007ffd512c6db5
0x00000059a8ffd380:   00000059a8ffd428 00007ffd514746ea
0x00000059a8ffd390:   0000017ae75fb060 0000017ae75fb060
0x00000059a8ffd3a0:   00000059a8ffd450 00000059a8ffd550
0x00000059a8ffd3b0:   0000017ae75fc579 00000000000000b8
0x00000059a8ffd3c0:   0000000000000000 0000017a84b62de0
0x00000059a8ffd3d0:   00000059a8ffd570 00007ffd514777cb
0x00000059a8ffd3e0:   00000059a8ffd540 00007ffd51118cf7
0x00000059a8ffd3f0:   00000059a8ffd540 0000017ae71e7e00
0x00000059a8ffd400:   0000017a84b62d0b 00007ffd5103dda2
0x00000059a8ffd410:   0000017a84b62de0 00000000000000b8
0x00000059a8ffd420:   00000007051e4e88 0000000702ad1200
0x00000059a8ffd430:   0000000000000000 0000017ae75fd6a8
0x00000059a8ffd440:   00000059a8ffd570 0000000000000000
0x00000059a8ffd450:   0000000701200e08 00000007013c9190
0x00000059a8ffd460:   0000000000000000 00007ffd5127a700
0x00000059a8ffd470:   0000000000000001 00000007051e4ea0
0x00000059a8ffd480:   00000059a8ffd6f8 0000017a8d44e284
0x00000059a8ffd490:   0000000705573920 0000017a84b62de0
0x00000059a8ffd4a0:   0000017ae71e7e00 0000017a84b62de0
0x00000059a8ffd4b0:   0000017ae71e7e00 0000017a00000003
0x00000059a8ffd4c0:   0000017ae75fb060 0000017a84b62de0
0x00000059a8ffd4d0:   0000000000000000 0000000702ad1228
0x00000059a8ffd4e0:   0000000701200e08 00000007013c9190
0x00000059a8ffd4f0:   0000000000000001 0000000705573910
0x00000059a8ffd500:   00000059a8ffd708 00000059a8ffd708
0x00000059a8ffd510:   0000017a947d901d 0000017a947c8190
0x00000059a8ffd520:   0000000000000000 0000010000000000
0x00000059a8ffd530:   00000059a8ffd6f8 0000017a8d31f264
0x00000059a8ffd540:   0000017aa626c000 0000017ae71e7e00
0x00000059a8ffd550:   0000000000000030 000000000000003d
0x00000059a8ffd560:   00000059a8ffd6f8 0000017a8d36aa5e 

Instructions: (pc=0x0000017a8d2f68be)
0x0000017a8d2f67be:   14 48 c1 e2 03 4c 8b 84 24 b0 00 00 00 4d 85 c0
0x0000017a8d2f67ce:   0f 84 29 00 00 00 48 b8 00 ab 49 a6 7a 01 00 00
0x0000017a8d2f67de:   41 8b 78 08 49 ba 00 00 00 a5 7a 01 00 00 49 03
0x0000017a8d2f67ee:   fa 48 3b c7 0f 85 80 09 00 00 e9 00 00 00 00 49
0x0000017a8d2f67fe:   8b f0 8b 76 10 48 c1 e6 03 48 85 f6 0f 84 28 00
0x0000017a8d2f680e:   00 00 48 b8 50 15 03 a5 7a 01 00 00 8b 7e 08 49
0x0000017a8d2f681e:   ba 00 00 00 a5 7a 01 00 00 49 03 fa 48 3b c7 0f
0x0000017a8d2f682e:   85 53 09 00 00 e9 00 00 00 00 c5 fa 10 46 0c 48
0x0000017a8d2f683e:   3b 02 0f 1f 80 00 00 00 00 e8 34 82 51 07 0f 1f
0x0000017a8d2f684e:   84 00 bc 20 00 4d 48 81 c4 50 02 00 00 5d 49 3b
0x0000017a8d2f685e:   a7 50 04 00 00 0f 87 30 09 00 00 c3 48 8b 94 24
0x0000017a8d2f686e:   b8 00 00 00 8b 72 14 48 c1 e6 03 48 3b 06 44 8b
0x0000017a8d2f687e:   84 24 48 01 00 00 48 8b d6 e8 d4 c2 06 00 0f 1f
0x0000017a8d2f688e:   84 00 fc 20 00 4e 48 8b 94 24 b8 00 00 00 8b 52
0x0000017a8d2f689e:   14 48 c1 e2 03 4c 8b 84 24 b0 10 00 00 4d 85 c0
0x0000017a8d2f68ae:   0f 84 29 00 00 00 48 bb 00 ab 49 a6 7a 01 00 00
0x0000017a8d2f68be:   41 8b 70 08 49 ba 00 00 00 a5 7a 01 00 00 49 03
0x0000017a8d2f68ce:   f2 48 3b de 0f 85 dc 08 00 00 e9 00 00 00 00 45
0x0000017a8d2f68de:   8b 40 10 49 c1 e0 03 4d 85 c0 0f 84 29 00 00 00
0x0000017a8d2f68ee:   48 bb d8 5f 02 a5 7a 01 00 00 41 8b 70 08 49 ba
0x0000017a8d2f68fe:   00 00 00 a5 7a 01 00 00 49 03 f2 48 3b de 0f 85
0x0000017a8d2f690e:   b0 08 00 00 e9 00 00 00 00 45 8b 40 0c 48 3b 02
0x0000017a8d2f691e:   90 e8 5c 81 51 07 0f 1f 84 00 94 21 00 4f 48 81
0x0000017a8d2f692e:   c4 50 02 00 00 5d 49 3b a7 50 04 00 00 0f 87 94
0x0000017a8d2f693e:   08 00 00 c3 66 0f 1f 44 00 00 e9 ad 08 00 00 00
0x0000017a8d2f694e:   00 00 00 00 80 ba 31 01 00 00 04 0f 85 aa 08 00
0x0000017a8d2f695e:   00 49 8b 87 b8 01 00 00 48 8d 78 28 49 3b bf c8
0x0000017a8d2f696e:   01 00 00 0f 87 92 08 00 00 49 89 bf b8 01 00 00
0x0000017a8d2f697e:   48 c7 00 01 00 00 00 48 8b ca 49 ba 00 00 00 a5
0x0000017a8d2f698e:   7a 01 00 00 49 2b ca 89 48 08 48 33 c9 89 48 0c
0x0000017a8d2f699e:   48 33 c9 48 89 48 10 48 89 48 18 48 89 48 20 66
0x0000017a8d2f69ae:   66 90 e9 70 08 00 00 00 00 00 00 00 48 89 84 24 


Stack slot to memory mapping:

stack at sp + 0 slots: 0x0000017a84b62de0 is a thread
stack at sp + 1 slots: 0x00007ffd512c6db5 jvm.dll
stack at sp + 2 slots: 0x00000059a8ffd428 is pointing into the stack for thread: 0x0000017a84b62de0
stack at sp + 3 slots: 0x00007ffd514746ea jvm.dll
stack at sp + 4 slots: 0x0000017ae75fb060 is pointing into metadata
stack at sp + 5 slots: 0x0000017ae75fb060 is pointing into metadata
stack at sp + 6 slots: 0x00000059a8ffd450 is pointing into the stack for thread: 0x0000017a84b62de0
stack at sp + 7 slots: 0x00000059a8ffd550 is pointing into the stack for thread: 0x0000017a84b62de0


Compiled method (c1) 5279 8201       2       com.sun.tools.javac.jvm.PoolWriter$WriteablePoolHelper::writeConstant (843 bytes)
 total in heap  [0x0000017a8d2f4790,0x0000017a8d2f9798] = 20488
 relocation     [0x0000017a8d2f48f0,0x0000017a8d2f4fe8] = 1784
 main code      [0x0000017a8d2f5000,0x0000017a8d2f72f8] = 8952
 stub code      [0x0000017a8d2f72f8,0x0000017a8d2f77e8] = 1264
 oops           [0x0000017a8d2f77e8,0x0000017a8d2f7800] = 24
 metadata       [0x0000017a8d2f7800,0x0000017a8d2f7980] = 384
 scopes data    [0x0000017a8d2f7980,0x0000017a8d2f8398] = 2584
 scopes pcs     [0x0000017a8d2f8398,0x0000017a8d2f92d8] = 3904
 dependencies   [0x0000017a8d2f92d8,0x0000017a8d2f9318] = 64
 handler table  [0x0000017a8d2f9318,0x0000017a8d2f93f0] = 216
 nul chk table  [0x0000017a8d2f93f0,0x0000017a8d2f9798] = 936

[Constant Pool (empty)]

[MachCode]
[Entry Point]
  # {method} {0x0000017ae7600d80} 'writeConstant' '(Lcom/sun/tools/javac/jvm/PoolConstant;)V' in 'com/sun/tools/javac/jvm/PoolWriter$WriteablePoolHelper'
  # this:     rdx:rdx   = 'com/sun/tools/javac/jvm/PoolWriter$WriteablePoolHelper'
  # parm0:    r8:r8     = 'com/sun/tools/javac/jvm/PoolConstant'
  #           [sp+0x260]  (sp of caller)
  0x0000017a8d2f5000: 448b 5208 | 49bb 0000 | 00a5 7a01 | 0000 4d03 | d34c 3bd0 

  0x0000017a8d2f5014: ;   {runtime_call ic_miss_stub}
  0x0000017a8d2f5014: 0f85 6697 | 5107 660f | 1f44 0000 
[Verified Entry Point]
  0x0000017a8d2f5020: 8984 2400 | 80ff ff55 | 4881 ec50 | 0200 0090 | 4181 7f20 | 0500 0000 

  0x0000017a8d2f5038: ;   {runtime_call StubRoutines (final stubs)}
  0x0000017a8d2f5038: 7405 e8a1 | 1450 0748 | 8994 24b8 | 0000 004c | 8984 24b0 | 0000 0048 | be80 16fe | e77a 0100 
  0x0000017a8d2f5058: 008b 7e08 | 83c7 0289 | 7e08 81e7 | fe0f 0000 | 85ff 0f84 | b91c 0000 | 498b d066 | 9048 b8ff 
  0x0000017a8d2f5078: ffff ffff 

  0x0000017a8d2f507c: ;   {virtual_call}
  0x0000017a8d2f507c: ffff ffe8 

  0x0000017a8d2f5080: ; ImmutableOopMap {[176]=Oop [184]=Oop }
                      ;*invokeinterface poolTag {reexecute=0 rethrow=0 return_oop=0}
                      ; - com.sun.tools.javac.jvm.PoolWriter$WriteablePoolHelper::writeConstant@1 (line 367)
  0x0000017a8d2f5080: 9c67 5107 

  0x0000017a8d2f5084: ;   {other}
  0x0000017a8d2f5084: 0f1f 8400 | f408 0000 | 8984 2448 | 0100 0083 | f801 0f84 | 4d08 0000 | 83f8 030f | 84c5 1700 
  0x0000017a8d2f50a4: 0083 f804 | 0f84 dc16 | 0000 83f8 | 050f 84eb | 1500 0083 | f806 0f84 | fa14 0000 | 83f8 070f 
  0x0000017a8d2f50c4: 8488 0500 | 0083 f808 | 0f84 9013 | 0000 83f8 | 090f 8c09 | 0000 0083 | f80b 0f8e | 4400 0000 
  0x0000017a8d2f50e4: 83f8 0c0f | 8454 0300 | 0083 f80f | 0f84 1c12 | 0000 83f8 | 100f 8485 | 0100 0083 | f811 0f84 
  0x0000017a8d2f5104: ca10 0000 | 83f8 120f | 8481 0f00 | 0083 f813 | 0f84 880e | 0000 83f8 | 140f 8417 | 0d00 00e9 
  0x0000017a8d2f5124: 1a18 0000 | 4c8b 8424 | b000 0000 | 488b 9424 | b800 0000 | 4d85 c00f | 842a 0000 

  0x0000017a8d2f5140: ;   {metadata('com/sun/tools/javac/code/Symbol')}
  0x0000017a8d2f5140: 0048 bbb0 | 4f26 a67a | 0100 0041 | 8b78 0849 | ba00 0000 | a57a 0100 | 0049 03fa | 483b 5f40 
  0x0000017a8d2f5160: 0f85 e41b | 0000 e900 | 0000 0049 | 8bf0 4889 | b424 c000 | 0000 8b7a | 1448 c1e7 | 0348 3b07 
  0x0000017a8d2f5180: 4c8b c048 

  0x0000017a8d2f5184: ;   {optimized virtual_call}
  0x0000017a8d2f5184: 8bd7 90e8 

  0x0000017a8d2f5188: ; ImmutableOopMap {[184]=Oop [192]=Oop }
                      ;*invokevirtual appendByte {reexecute=0 rethrow=0 return_oop=0}
                      ; - com.sun.tools.javac.jvm.PoolWriter$WriteablePoolHelper::writeConstant@276 (line 397)
  0x0000017a8d2f5188: d4d9 0600 

  0x0000017a8d2f518c: ;   {other}
  0x0000017a8d2f518c: 0f1f 8400 | fc09 0001 | 488b 9424 | b800 0000 | 8b72 1448 | c1e6 0348 | 89b4 24e0 | 0000 0044 
  0x0000017a8d2f51ac: 8b42 2049 | c1e0 0348 | 8bbc 24c0 | 0000 008b | 5f20 48c1 | e303 4885 | db0f 8428 

  0x0000017a8d2f51c8: ;   {metadata('com/sun/tools/javac/code/Symbol$ClassSymbol')}
  0x0000017a8d2f51c8: 0000 0049 | b998 2d2a | a67a 0100 | 008b 4308 | 49ba 0000 | 00a5 7a01 | 0000 4903 | c24c 3bc8 
  0x0000017a8d2f51e8: 0f85 6f1b | 0000 e900 | 0000 0049 | 3b00 8b5b | 1c48 c1e3 | 0341 8b40 | 1448 c1e0 | 0341 8b48 
  0x0000017a8d2f5208: 0c48 c1e1 | 0348 3b01 | 4c8b c348 | 8bd1 4889 | 8424 d800 | 0000 4889 | 8c24 d000 | 0000 4889 
  0x0000017a8d2f5228: 9c24 c800 

  0x0000017a8d2f522c: ;   {optimized virtual_call}
  0x0000017a8d2f522c: 0000 90e8 

  0x0000017a8d2f5230: ; ImmutableOopMap {[184]=Oop [192]=Oop [200]=Oop [208]=Oop [216]=Oop [224]=Oop }
                      ;*invokevirtual eraseNotNeeded {reexecute=0 rethrow=0 return_oop=0}
                      ; - com.sun.tools.javac.code.Types::erasure@2 (line 2381)
                      ; - com.sun.tools.javac.jvm.PoolWriter::putClass@9 (line 119)
                      ; - com.sun.tools.javac.jvm.PoolWriter::putClass@5 (line 111)
                      ; - com.sun.tools.javac.jvm.PoolWriter$WriteablePoolHelper::writeConstant@294 (line 398)
  0x0000017a8d2f5230: ac18 e500 

  0x0000017a8d2f5234: ;   {other}
  0x0000017a8d2f5234: 0f1f 8400 | a40a 0002 | 85c0 0f84 | 0d00 0000 | 488b 9c24 | c800 0000 | e939 0b00 | 0048 8b8c 
  0x0000017a8d2f5254: 24d0 0000 | 0048 8b9c | 24c8 0000 | 004c 8bc3 | 41b9 0000 | 0000 488b 

  0x0000017a8d2f526c: ;   {optimized virtual_call}
  0x0000017a8d2f526c: d166 90e8 

  0x0000017a8d2f5270: ; ImmutableOopMap {[184]=Oop [192]=Oop [216]=Oop [224]=Oop }
                      ;*invokevirtual erasure {reexecute=0 rethrow=0 return_oop=0}
                      ; - com.sun.tools.javac.code.Types::erasure@15 (line 2381)
                      ; - com.sun.tools.javac.jvm.PoolWriter::putClass@9 (line 119)
                      ; - com.sun.tools.javac.jvm.PoolWriter::putClass@5 (line 111)
                      ; - com.sun.tools.javac.jvm.PoolWriter$WriteablePoolHelper::writeConstant@294 (line 398)
  0x0000017a8d2f5270: 2c04 e500 

  0x0000017a8d2f5274: ;   {other}
  0x0000017a8d2f5274: 0f1f 8400 | e40a 0003 | 488b d8e9 | 060b 0000 | 4c8b 8424 | b000 0000 | 488b 9424 | b800 0000 
  0x0000017a8d2f5294: 4d85 c00f | 842a 0000 

  0x0000017a8d2f529c: ;   {metadata('com/sun/tools/javac/code/Type$MethodType')}
  0x0000017a8d2f529c: 0048 bb80 | 9f2a a67a | 0100 0041 | 8b78 0849 | ba00 0000 | a57a 0100 | 0049 03fa | 483b 5f48 
  0x0000017a8d2f52bc: 0f85 b31a | 0000 e900 | 0000 0049 | 8bf0 8b7a | 1448 c1e7 | 0348 3b07 | 4c8b c048 | 8bd7 4889 
  0x0000017a8d2f52dc: b424 e800 | 0000 0f1f 

  0x0000017a8d2f52e4: ;   {optimized virtual_call}
  0x0000017a8d2f52e4: 4400 00e8 

  0x0000017a8d2f52e8: ; ImmutableOopMap {[184]=Oop [232]=Oop }
                      ;*invokevirtual appendByte {reexecute=0 rethrow=0 return_oop=0}
                      ; - com.sun.tools.javac.jvm.PoolWriter$WriteablePoolHelper::writeConstant@599 (line 443)
  0x0000017a8d2f52e8: 74d8 0600 

  0x0000017a8d2f52ec: ;   {other}
  0x0000017a8d2f52ec: 0f1f 8400 | 5c0b 0004 | 488b 9424 | b800 0000 | 8b72 1448 | c1e6 0348 | 89b4 24f8 | 0000 008b 
  0x0000017a8d2f530c: 7a20 48c1 | e703 4889 | bc24 f000 | 0000 488b | 9424 e800 | 0000 6666 | 9048 b880 | 9f2a a67a 
  0x0000017a8d2f532c: ;   {virtual_call}
  0x0000017a8d2f532c: 0100 00e8 

  0x0000017a8d2f5330: ; ImmutableOopMap {[240]=Oop [248]=Oop }
                      ;*invokevirtual baseType {reexecute=0 rethrow=0 return_oop=0}
                      ; - com.sun.tools.javac.jvm.PoolWriter$WriteablePoolHelper::writeConstant@611 (line 444)
  0x0000017a8d2f5330: ec5c 0c00 

  0x0000017a8d2f5334: ;   {other}
  0x0000017a8d2f5334: 0f1f 8400 | a40b 0005 | 488b bc24 | f000 0000 

  0x0000017a8d2f5344: ; implicit exception: dispatches to 0x0000017a8d2f6d83
  0x0000017a8d2f5344: 8b77 0c48 | c1e6 0348 | 3b06 4c8b | c048 8bd6 | 4889 b424 | 0801 0000 | 4889 8424 | 0001 0000 
  0x0000017a8d2f5364: ;   {optimized virtual_call}
  0x0000017a8d2f5364: 6666 90e8 

  0x0000017a8d2f5368: ; ImmutableOopMap {[240]=Oop [248]=Oop [256]=Oop [264]=Oop }
                      ;*invokevirtual eraseNotNeeded {reexecute=0 rethrow=0 return_oop=0}
                      ; - com.sun.tools.javac.code.Types::erasure@2 (line 2381)
                      ; - com.sun.tools.javac.jvm.PoolWriter::putDescriptor@7 (line 140)
                      ; - com.sun.tools.javac.jvm.PoolWriter$WriteablePoolHelper::writeConstant@614 (line 444)
  0x0000017a8d2f5368: 7417 e500 

  0x0000017a8d2f536c: ;   {other}
  0x0000017a8d2f536c: 0f1f 8400 | dc0b 0006 | 85c0 0f84 | 0d00 0000 | 488b 8424 | 0001 0000 | e939 0900 | 0048 8b94 
  0x0000017a8d2f538c: 2400 0100 | 000f 1f40 | 0048 b880 | 9f2a a67a 

  0x0000017a8d2f539c: ;   {virtual_call}
  0x0000017a8d2f539c: 0100 00e8 

  0x0000017a8d2f53a0: ; ImmutableOopMap {[240]=Oop [248]=Oop [256]=Oop [264]=Oop }
                      ;*invokevirtual isPrimitive {reexecute=0 rethrow=0 return_oop=0}
                      ; - com.sun.tools.javac.code.Types::erasure@1 (line 2392)
                      ; - com.sun.tools.javac.code.Types::erasure@15 (line 2381)
                      ; - com.sun.tools.javac.jvm.PoolWriter::putDescriptor@7 (line 140)
                      ; - com.sun.tools.javac.jvm.PoolWriter$WriteablePoolHelper::writeConstant@614 (line 444)
  0x0000017a8d2f53a0: 7c55 da07 

  0x0000017a8d2f53a4: ;   {other}
  0x0000017a8d2f53a4: 0f1f 8400 | 140c 0007 | 85c0 0f84 | 0d00 0000 | 488b 8424 | 0001 0000 | e901 0900 | 0048 8bb4 
  0x0000017a8d2f53c4: 2408 0100 | 0048 8b84 | 2400 0100 | 0044 8b46 | 6849 c1e0 | 0349 3b00 

  0x0000017a8d2f53dc: ;   {oop(a 'java/lang/Boolean'{0x0000000701229278} = false)}
  0x0000017a8d2f53dc: 49b9 7892 | 2201 0700 | 0000 488b | d00f 1f40 | 0048 b880 | 9f2a a67a 

  0x0000017a8d2f53f4: ;   {virtual_call}
  0x0000017a8d2f53f4: 0100 00e8 

  0x0000017a8d2f53f8: ; ImmutableOopMap {[240]=Oop [248]=Oop }
                      ;*invokevirtual accept {reexecute=0 rethrow=0 return_oop=0}
                      ; - com.sun.tools.javac.code.Types$DefaultTypeVisitor::visit@3 (line 4900)
                      ; - com.sun.tools.javac.code.Types::erasure@18 (line 2395)
                      ; - com.sun.tools.javac.code.Types::erasure@15 (line 2381)
                      ; - com.sun.tools.javac.jvm.PoolWriter::putDescriptor@7 (line 140)
                      ; - com.sun.tools.javac.jvm.PoolWriter$WriteablePoolHelper::writeConstant@614 (line 444)
  0x0000017a8d2f53f8: c4a6 8400 

  0x0000017a8d2f53fc: ;   {other}
  0x0000017a8d2f53fc: 0f1f 8400 | 6c0c 0008 | 4885 c00f | 8429 0000 

  0x0000017a8d2f540c: ;   {metadata('com/sun/tools/javac/code/Type')}
  0x0000017a8d2f540c: 0048 bfe0 | 6026 a67a | 0100 008b | 7008 49ba | 0000 00a5 | 7a01 0000 | 4903 f248 | 3b7e 400f 
  0x0000017a8d2f542c: 8561 1900 | 00e9 0000 | 0000 4c8b | c049 8bc0 | e981 0800 | 004c 8b84 | 24b0 0000 | 0048 8b94 
  0x0000017a8d2f544c: 24b8 0000 | 004d 85c0 | 0f84 2900 

  0x0000017a8d2f5458: ;   {metadata('com/sun/tools/javac/jvm/PoolConstant$NameAndType')}
  0x0000017a8d2f5458: 0000 48bb | a094 48a6 | 7a01 0000 | 418b 7008 | 49ba 0000 | 00a5 7a01 | 0000 4903 | f248 3bde 
  0x0000017a8d2f5478: 0f85 1d19 | 0000 e900 | 0000 0049 | 8bf0 4889 | b424 1001 | 0000 8b7a | 1448 c1e7 | 0348 3b07 
  0x0000017a8d2f5498: 4c8b c048 

  0x0000017a8d2f549c: ;   {optimized virtual_call}
  0x0000017a8d2f549c: 8bd7 90e8 

  0x0000017a8d2f54a0: ; ImmutableOopMap {[184]=Oop [272]=Oop }
                      ;*invokevirtual appendByte {reexecute=0 rethrow=0 return_oop=0}
                      ; - com.sun.tools.javac.jvm.PoolWriter$WriteablePoolHelper::writeConstant@680 (line 455)
  0x0000017a8d2f54a0: bcd6 0600 

  0x0000017a8d2f54a4: ;   {other}
  0x0000017a8d2f54a4: 0f1f 8400 | 140d 0009 | 488b 9424 | b800 0000 | 8b72 1448 | c1e6 0344 | 8b42 2049 | c1e0 0348 
  0x0000017a8d2f54c4: 8bbc 2410 | 0100 008b | 5f0c 48c1 | e303 418b | 4014 48c1 | e003 483b | 004c 8bc3 | 488b d048 
  0x0000017a8d2f54e4: 89b4 2418 | 0100 000f 

  0x0000017a8d2f54ec: ;   {optimized virtual_call}
  0x0000017a8d2f54ec: 1f40 00e8 

  0x0000017a8d2f54f0: ; ImmutableOopMap {[184]=Oop [272]=Oop [280]=Oop }
                      ;*invokevirtual writeIfNeeded {reexecute=0 rethrow=0 return_oop=0}
                      ; - com.sun.tools.javac.jvm.PoolWriter::putName@5 (line 197)
                      ; - com.sun.tools.javac.jvm.PoolWriter$WriteablePoolHelper::writeConstant@695 (line 456)
  0x0000017a8d2f54f0: 6c3f 0800 

  0x0000017a8d2f54f4: ;   {other}
  0x0000017a8d2f54f4: 0f1f 8400 | 640d 000a | 488b b424 | 1801 0000 

  0x0000017a8d2f5504: ; implicit exception: dispatches to 0x0000017a8d2f6db8
  0x0000017a8d2f5504: 483b 064c | 8bc0 488b 

  0x0000017a8d2f550c: ;   {optimized virtual_call}
  0x0000017a8d2f550c: d666 90e8 

  0x0000017a8d2f5510: ; ImmutableOopMap {[184]=Oop [272]=Oop }
                      ;*invokevirtual appendChar {reexecute=0 rethrow=0 return_oop=0}
                      ; - com.sun.tools.javac.jvm.PoolWriter$WriteablePoolHelper::writeConstant@698 (line 456)
  0x0000017a8d2f5510: 4cde 0600 

  0x0000017a8d2f5514: ;   {other}
  0x0000017a8d2f5514: 0f1f 8400 | 840d 000b | 488b 9424 | b800 0000 | 8b72 1448 | c1e6 0348 | 89b4 2438 | 0100 008b 
  0x0000017a8d2f5534: 7a20 48c1 | e703 4889 | bc24 3001 | 0000 4c8b | 8424 1001 | 0000 418b | 5810 48c1 | e303 8b47 
  0x0000017a8d2f5554: 0c48 c1e0 | 0348 3b00 | 4c8b c348 | 8bd0 4889 | 8424 2801 | 0000 4889 | 9c24 2001 | 0000 0f1f 
  0x0000017a8d2f5574: ;   {optimized virtual_call}
  0x0000017a8d2f5574: 4400 00e8 

  0x0000017a8d2f5578: ; ImmutableOopMap {[288]=Oop [296]=Oop [304]=Oop [312]=Oop }
                      ;*invokevirtual eraseNotNeeded {reexecute=0 rethrow=0 return_oop=0}
                      ; - com.sun.tools.javac.code.Types::erasure@2 (line 2381)
                      ; - com.sun.tools.javac.jvm.PoolWriter::putDescriptor@7 (line 140)
                      ; - com.sun.tools.javac.jvm.PoolWriter$WriteablePoolHelper::writeConstant@713 (line 457)
  0x0000017a8d2f5578: 6415 e500 

  0x0000017a8d2f557c: ;   {other}
  0x0000017a8d2f557c: 0f1f 8400 | ec0d 000c | 85c0 0f84 | 0d00 0000 | 488b 9c24 | 2001 0000 | e961 0600 | 0048 8b94 
  0x0000017a8d2f559c: 2420 0100 | 000f 1f40 | 0048 b880 | 9f2a a67a 

  0x0000017a8d2f55ac: ;   {virtual_call}
  0x0000017a8d2f55ac: 0100 00e8 

  0x0000017a8d2f55b0: ; ImmutableOopMap {[288]=Oop [296]=Oop [304]=Oop [312]=Oop }
                      ;*invokevirtual isPrimitive {reexecute=0 rethrow=0 return_oop=0}
                      ; - com.sun.tools.javac.code.Types::erasure@1 (line 2392)
                      ; - com.sun.tools.javac.code.Types::erasure@15 (line 2381)
                      ; - com.sun.tools.javac.jvm.PoolWriter::putDescriptor@7 (line 140)
                      ; - com.sun.tools.javac.jvm.PoolWriter$WriteablePoolHelper::writeConstant@713 (line 457)
  0x0000017a8d2f55b0: ac62 5107 

  0x0000017a8d2f55b4: ;   {other}
  0x0000017a8d2f55b4: 0f1f 8400 | 240e 000d | 85c0 0f84 | 0d00 0000 | 488b 9c24 | 2001 0000 | e929 0600 | 0048 8b84 
  0x0000017a8d2f55d4: 2428 0100 | 0048 8b9c | 2420 0100 | 0044 8b40 | 6849 c1e0 | 0349 3b00 

  0x0000017a8d2f55ec: ;   {oop(a 'java/lang/Boolean'{0x0000000701229278} = false)}
  0x0000017a8d2f55ec: 49b9 7892 | 2201 0700 | 0000 488b | d30f 1f40 | 0048 b880 | 9f2a a67a 

  0x0000017a8d2f5604: ;   {virtual_call}
  0x0000017a8d2f5604: 0100 00e8 

  0x0000017a8d2f5608: ; ImmutableOopMap {[304]=Oop [312]=Oop }
                      ;*invokevirtual accept {reexecute=0 rethrow=0 return_oop=0}
                      ; - com.sun.tools.javac.code.Types$DefaultTypeVisitor::visit@3 (line 4900)
                      ; - com.sun.tools.javac.code.Types::erasure@18 (line 2395)
                      ; - com.sun.tools.javac.code.Types::erasure@15 (line 2381)
                      ; - com.sun.tools.javac.jvm.PoolWriter::putDescriptor@7 (line 140)
                      ; - com.sun.tools.javac.jvm.PoolWriter$WriteablePoolHelper::writeConstant@713 (line 457)
  0x0000017a8d2f5608: 9462 5107 

  0x0000017a8d2f560c: ;   {other}
  0x0000017a8d2f560c: 0f1f 8400 | 7c0e 000e | 4885 c00f | 8429 0000 

  0x0000017a8d2f561c: ;   {metadata('com/sun/tools/javac/code/Type')}
  0x0000017a8d2f561c: 0048 bbe0 | 6026 a67a | 0100 008b | 7808 49ba | 0000 00a5 | 7a01 0000 | 4903 fa48 | 3b5f 400f 
  0x0000017a8d2f563c: 858b 1700 | 00e9 0000 | 0000 488b | d048 8bda | e9a9 0500 | 004c 8b84 | 24b0 0000 | 004d 85c0 
  0x0000017a8d2f565c: 0f84 2a00 

  0x0000017a8d2f5660: ;   {metadata('com/sun/tools/javac/code/Type')}
  0x0000017a8d2f5660: 0000 48b9 | e060 26a6 | 7a01 0000 | 418b 5808 | 49ba 0000 | 00a5 7a01 | 0000 4903 | da48 3b4b 
  0x0000017a8d2f5680: 400f 854e | 1700 00e9 | 0000 0000 | 498b f048 | 89b4 2440 | 0100 0048 | 3b06 488b | d648 b800 
  0x0000017a8d2f56a0: c226 a67a 

  0x0000017a8d2f56a4: ;   {virtual_call}
  0x0000017a8d2f56a4: 0100 00e8 

  0x0000017a8d2f56a8: ; ImmutableOopMap {[184]=Oop [320]=Oop }
                      ;*invokevirtual getTag {reexecute=0 rethrow=0 return_oop=0}
                      ; - com.sun.tools.javac.code.Type::hasTag@2 (line 142)
                      ; - com.sun.tools.javac.jvm.PoolWriter$WriteablePoolHelper::writeConstant@113 (line 371)
  0x0000017a8d2f56a8: 74c5 db07 

  0x0000017a8d2f56ac: ;   {other}
  0x0000017a8d2f56ac: 0f1f 8400 | 1c0f 000f 

  0x0000017a8d2f56b4: ;   {oop(a 'com/sun/tools/javac/code/TypeTag'{0x0000000701641cf8})}
  0x0000017a8d2f56b4: 49b8 f81c | 6401 0700 | 0000 493b | c041 b800 | 0000 0075 | 0641 b801 | 0000 0041 | 83e0 0145 
  0x0000017a8d2f56d4: 85c0 0f84 | 8500 0000 | 488b 9424 | b800 0000 | 8b72 2048 | c1e6 038b | 7e18 48c1 | e703 448b 
  0x0000017a8d2f56f4: 4710 49c1 | e003 41c7 | 400c 0000 | 0000 4c8b | 8424 4001 | 0000 488b | d748 89b4 | 2450 0100 
  0x0000017a8d2f5714: ;   {optimized virtual_call}
  0x0000017a8d2f5714: 0066 90e8 

  0x0000017a8d2f5718: ; ImmutableOopMap {[184]=Oop [320]=Oop [336]=Oop }
                      ;*invokevirtual assembleSig {reexecute=0 rethrow=0 return_oop=0}
                      ; - com.sun.tools.javac.jvm.PoolWriter::typeSig@12 (line 497)
                      ; - com.sun.tools.javac.jvm.PoolWriter$WriteablePoolHelper::writeConstant@124 (line 372)
  0x0000017a8d2f5718: 6493 5107 

  0x0000017a8d2f571c: ;   {other}
  0x0000017a8d2f571c: 0f1f 8400 | 8c0f 0010 | 488b b424 | 5001 0000 | 448b 4618 | 49c1 e003 

  0x0000017a8d2f5734: ; implicit exception: dispatches to 0x0000017a8d2f6df2
  0x0000017a8d2f5734: 418b 5010 | 48c1 e203 | 458b 4014 | 49c1 e003 

  0x0000017a8d2f5744: ; implicit exception: dispatches to 0x0000017a8d2f6df7
  0x0000017a8d2f5744: 458b 4010 | 49c1 e003 

  0x0000017a8d2f574c: ; implicit exception: dispatches to 0x0000017a8d2f6dfc
                      ;   {optimized virtual_call}
  0x0000017a8d2f574c: 483b 02e8 

  0x0000017a8d2f5750: ; ImmutableOopMap {[184]=Oop [320]=Oop }
                      ;*invokevirtual toName {reexecute=0 rethrow=0 return_oop=0}
                      ; - com.sun.tools.javac.jvm.PoolWriter$SharedSignatureGenerator::toName@11 (line 329)
                      ; - com.sun.tools.javac.jvm.PoolWriter::typeSig@19 (line 498)
                      ; - com.sun.tools.javac.jvm.PoolWriter$WriteablePoolHelper::writeConstant@124 (line 372)
  0x0000017a8d2f5750: 2c93 5107 

  0x0000017a8d2f5754: ;   {other}
  0x0000017a8d2f5754: 0f1f 8400 | c40f 0011 | e99b 0000 | 0048 8bb4 | 2440 0100 | 008b 5610 | 48c1 e203 | 0f1f 4400 
  0x0000017a8d2f5774: 0048 b898 | 2d2a a67a 

  0x0000017a8d2f577c: ;   {virtual_call}
  0x0000017a8d2f577c: 0100 00e8 

  0x0000017a8d2f5780: ; ImmutableOopMap {[184]=Oop [320]=Oop }
                      ;*invokevirtual flatName {reexecute=0 rethrow=0 return_oop=0}
                      ; - com.sun.tools.javac.jvm.PoolWriter$WriteablePoolHelper::writeConstant@134 (line 373)
  0x0000017a8d2f5780: 9c60 da07 

  0x0000017a8d2f5784: ;   {other}
  0x0000017a8d2f5784: 0f1f 8400 | f40f 0012 

  0x0000017a8d2f578c: ; implicit exception: dispatches to 0x0000017a8d2f6e01
  0x0000017a8d2f578c: 8b50 0c48 | c1e2 038b | 720c 48c1 | e603 488b | d048 89b4 | 2458 0100 

  0x0000017a8d2f57a4: ;   {optimized virtual_call}
  0x0000017a8d2f57a4: 0066 90e8 

  0x0000017a8d2f57a8: ; ImmutableOopMap {[184]=Oop [320]=Oop [344]=Oop }
                      ;*invokevirtual toString {reexecute=0 rethrow=0 return_oop=0}
                      ; - com.sun.tools.javac.jvm.ClassFile::externalize@8 (line 180)
                      ; - com.sun.tools.javac.jvm.PoolWriter$WriteablePoolHelper::writeConstant@137 (line 373)
  0x0000017a8d2f57a8: 748e e207 

  0x0000017a8d2f57ac: ;   {other}
  0x0000017a8d2f57ac: 0f1f 8400 | 1c10 0013 

  0x0000017a8d2f57b4: ; implicit exception: dispatches to 0x0000017a8d2f6e0b
  0x0000017a8d2f57b4: 483b 0041 | b82e 0000 | 0041 b92f | 0000 0048 

  0x0000017a8d2f57c4: ;   {optimized virtual_call}
  0x0000017a8d2f57c4: 8bd0 90e8 

  0x0000017a8d2f57c8: ; ImmutableOopMap {[184]=Oop [320]=Oop [344]=Oop }
                      ;*invokevirtual replace {reexecute=0 rethrow=0 return_oop=0}
                      ; - com.sun.tools.javac.jvm.ClassFile::externalize@5 (line 190)
                      ; - com.sun.tools.javac.jvm.ClassFile::externalize@11 (line 180)
                      ; - com.sun.tools.javac.jvm.PoolWriter$WriteablePoolHelper::writeConstant@137 (line 373)
  0x0000017a8d2f57c8: 14e0 d407 

  0x0000017a8d2f57cc: ;   {other}
  0x0000017a8d2f57cc: 0f1f 8400 | 3c10 0014 | 488b b424 | 5801 0000 

  0x0000017a8d2f57dc: ; implicit exception: dispatches to 0x0000017a8d2f6e10
  0x0000017a8d2f57dc: 8b96 6402 | 0000 48c1 | e203 483b | 024c 8bc0 

  0x0000017a8d2f57ec: ;   {optimized virtual_call}
  0x0000017a8d2f57ec: 6666 90e8 

  0x0000017a8d2f57f0: ; ImmutableOopMap {[184]=Oop [320]=Oop }
                      ;*invokevirtual fromString {reexecute=0 rethrow=0 return_oop=0}
                      ; - com.sun.tools.javac.util.Names::fromString@5 (line 447)
                      ; - com.sun.tools.javac.jvm.ClassFile::externalize@14 (line 180)
                      ; - com.sun.tools.javac.jvm.PoolWriter$WriteablePoolHelper::writeConstant@137 (line 373)
  0x0000017a8d2f57f0: ac54 4f00 

  0x0000017a8d2f57f4: ;   {other}
  0x0000017a8d2f57f4: 0f1f 8400 | 6410 0015 | 4889 8424 | 6001 0000 | 488b 9424 | b800 0000 | 8b72 1448 | c1e6 0348 
  0x0000017a8d2f5814: 3b06 448b | 8424 4801 | 0000 488b | d666 0f1f 

  0x0000017a8d2f5824: ;   {optimized virtual_call}
  0x0000017a8d2f5824: 4400 00e8 

  0x0000017a8d2f5828: ; ImmutableOopMap {[184]=Oop [320]=Oop [352]=Oop }
                      ;*invokevirtual appendByte {reexecute=0 rethrow=0 return_oop=0}
                      ; - com.sun.tools.javac.jvm.PoolWriter$WriteablePoolHelper::writeConstant@147 (line 374)
  0x0000017a8d2f5828: 34d3 0600 

  0x0000017a8d2f582c: ;   {other}
  0x0000017a8d2f582c: 0f1f 8400 | 9c10 0016 | 488b 9424 | b800 0000 | 8b72 1448 | c1e6 0344 | 8b42 2049 | c1e0 0341 
  0x0000017a8d2f584c: 8b78 1448 | c1e7 0348 | 3b07 4c8b | 8424 6001 | 0000 488b | d748 89b4 | 2468 0100 | 0066 0f1f 
  0x0000017a8d2f586c: ;   {optimized virtual_call}
  0x0000017a8d2f586c: 4400 00e8 

  0x0000017a8d2f5870: ; ImmutableOopMap {[184]=Oop [320]=Oop [360]=Oop }
                      ;*invokevirtual writeIfNeeded {reexecute=0 rethrow=0 return_oop=0}
                      ; - com.sun.tools.javac.jvm.PoolWriter::putName@5 (line 197)
                      ; - com.sun.tools.javac.jvm.PoolWriter$WriteablePoolHelper::writeConstant@160 (line 375)
  0x0000017a8d2f5870: ec3b 0800 

  0x0000017a8d2f5874: ;   {other}
  0x0000017a8d2f5874: 0f1f 8400 | e410 0017 | 488b b424 | 6801 0000 

  0x0000017a8d2f5884: ; implicit exception: dispatches to 0x0000017a8d2f6e29
  0x0000017a8d2f5884: 483b 064c | 8bc0 488b 

  0x0000017a8d2f588c: ;   {optimized virtual_call}
  0x0000017a8d2f588c: d666 90e8 

  0x0000017a8d2f5890: ; ImmutableOopMap {[184]=Oop [320]=Oop }
                      ;*invokevirtual appendChar {reexecute=0 rethrow=0 return_oop=0}
                      ; - com.sun.tools.javac.jvm.PoolWriter$WriteablePoolHelper::writeConstant@163 (line 375)
  0x0000017a8d2f5890: ccda 0600 

  0x0000017a8d2f5894: ;   {other}
  0x0000017a8d2f5894: 0f1f 8400 | 0411 0018 | 488b 9424 | 4001 0000 | 9048 b800 | c226 a67a 

  0x0000017a8d2f58ac: ;   {virtual_call}
  0x0000017a8d2f58ac: 0100 00e8 

  0x0000017a8d2f58b0: ; ImmutableOopMap {[184]=Oop [320]=Oop }
                      ;*invokevirtual getTag {reexecute=0 rethrow=0 return_oop=0}
                      ; - com.sun.tools.javac.code.Type::hasTag@2 (line 142)
                      ; - com.sun.tools.javac.jvm.PoolWriter$WriteablePoolHelper::writeConstant@170 (line 376)
  0x0000017a8d2f58b0: 6cc3 db07 

  0x0000017a8d2f58b4: ;   {other}
  0x0000017a8d2f58b4: 0f1f 8400 | 2411 0019 

  0x0000017a8d2f58bc: ;   {oop(a 'com/sun/tools/javac/code/TypeTag'{0x0000000701641d50})}
  0x0000017a8d2f58bc: 49b8 501d | 6401 0700 | 0000 493b | c041 b800 | 0000 0075 | 0641 b801 | 0000 0041 | 83e0 0145 
  0x0000017a8d2f58dc: 85c0 0f84 | 4810 0000 | e996 0200 | 004c 8b84 | 24b0 0000 | 0048 8b94 | 24b8 0000 | 004d 85c0 
  0x0000017a8d2f58fc: 0f84 2a00 

  0x0000017a8d2f5900: ;   {metadata('com/sun/tools/javac/util/Name')}
  0x0000017a8d2f5900: 0000 48bb | 9070 2aa6 | 7a01 0000 | 418b 7808 | 49ba 0000 | 00a5 7a01 | 0000 4903 | fa48 3b5f 
  0x0000017a8d2f5920: 380f 8507 | 1500 00e9 | 0000 0000 | 498b f08b | 7a14 48c1 | e703 483b | 0744 8b84 | 2448 0100 
  0x0000017a8d2f5940: 0048 8bd7 | 4889 b424 | 7001 0000 

  0x0000017a8d2f594c: ;   {optimized virtual_call}
  0x0000017a8d2f594c: 6666 90e8 

  0x0000017a8d2f5950: ; ImmutableOopMap {[184]=Oop [368]=Oop }
                      ;*invokevirtual appendByte {reexecute=0 rethrow=0 return_oop=0}
                      ; - com.sun.tools.javac.jvm.PoolWriter$WriteablePoolHelper::writeConstant@203 (line 383)
  0x0000017a8d2f5950: 0cd2 0600 

  0x0000017a8d2f5954: ;   {other}
  0x0000017a8d2f5954: 0f1f 8400 | c411 001a | 4c8b 9c24 | 7001 0000 

  0x0000017a8d2f5964: ; implicit exception: dispatches to 0x0000017a8d2f6e3c
  0x0000017a8d2f5964: 418b 5b14 | 48c1 e303 

  0x0000017a8d2f596c: ; implicit exception: dispatches to 0x0000017a8d2f6e41
                      ;   {metadata({type array byte})}
  0x0000017a8d2f596c: 8b5b 0c48 | ba18 2300 | a57a 0100 | 0048 63db | 488b fb48 | 81fb ffff | ff00 0f87 | ba14 0000 
  0x0000017a8d2f598c: 48c7 c617 | 0000 0048 | 8d34 1e48 | 83e6 f849 | 8b87 b801 | 0000 488d | 3430 493b | b7c8 0100 
  0x0000017a8d2f59ac: 000f 8793 | 1400 0049 | 89b7 b801 | 0000 482b | f048 c700 | 0100 0000 | 488b ca49 | ba00 0000 
  0x0000017a8d2f59cc: a57a 0100 | 0049 2bca | 8948 0889 | 580c 4883 | ee10 4885 | f60f 8411 | 0000 0048 | 33db 48c1 
  0x0000017a8d2f59ec: ee03 4889 | 5cf0 0848 | ffce 75f6 | 4889 8424 | 7801 0000 | 4c8b c041 | b900 0000 | 0049 8bd3 
  0x0000017a8d2f5a0c: ;   {optimized virtual_call}
  0x0000017a8d2f5a0c: 6666 90e8 

  0x0000017a8d2f5a10: ; ImmutableOopMap {[184]=Oop [376]=Oop }
                      ;*invokevirtual getBytes {reexecute=0 rethrow=0 return_oop=0}
                      ; - com.sun.tools.javac.util.Name::toUtf@10 (line 213)
                      ; - com.sun.tools.javac.jvm.PoolWriter$WriteablePoolHelper::writeConstant@207 (line 384)
  0x0000017a8d2f5a10: 2c9d db07 

  0x0000017a8d2f5a14: ;   {other}
  0x0000017a8d2f5a14: 0f1f 8400 | 8412 001b | 488b 9424 | b800 0000 | 8b72 1448 | c1e6 0348 | 8b84 2478 | 0100 008b 
  0x0000017a8d2f5a34: 780c 483b | 064c 8bc7 | 488b d689 | bc24 4c01 

  0x0000017a8d2f5a44: ;   {optimized virtual_call}
  0x0000017a8d2f5a44: 0000 90e8 

  0x0000017a8d2f5a48: ; ImmutableOopMap {[184]=Oop [376]=Oop }
                      ;*invokevirtual appendChar {reexecute=0 rethrow=0 return_oop=0}
                      ; - com.sun.tools.javac.jvm.PoolWriter$WriteablePoolHelper::writeConstant@219 (line 385)
  0x0000017a8d2f5a48: 14d9 0600 

  0x0000017a8d2f5a4c: ;   {other}
  0x0000017a8d2f5a4c: 0f1f 8400 | bc12 001c | 488b 9424 | b800 0000 | 8b72 1448 | c1e6 0348 | 3b06 4c8b | 8424 7801 
  0x0000017a8d2f5a6c: 0000 41b9 | 0000 0000 | 8bbc 244c | 0100 0048 

  0x0000017a8d2f5a7c: ;   {optimized virtual_call}
  0x0000017a8d2f5a7c: 8bd6 90e8 

  0x0000017a8d2f5a80: ; ImmutableOopMap {[184]=Oop [376]=Oop }
                      ;*invokevirtual appendBytes {reexecute=0 rethrow=0 return_oop=0}
                      ; - com.sun.tools.javac.jvm.PoolWriter$WriteablePoolHelper::writeConstant@232 (line 386)
  0x0000017a8d2f5a80: 5c25 0800 

  0x0000017a8d2f5a84: ;   {other}
  0x0000017a8d2f5a84: 0f1f 8400 | f412 001d | 488b 9424 | b800 0000 | 8b72 1c48 | c1e6 0348 | 85f6 0f85 | 880e 0000 
  0x0000017a8d2f5aa4: 8bbc 244c | 0100 0081 | ffff ff00 | 000f 8e75 | 0e00 004c | 8b84 2478 

  0x0000017a8d2f5abc: ;   {metadata('java/lang/String')}
  0x0000017a8d2f5abc: 0100 0048 | ba78 e800 | a57a 0100 | 0049 8b87 | b801 0000 | 488d 7818 | 493b bfc8 | 0100 000f 
  0x0000017a8d2f5adc: 8779 1300 | 0049 89bf | b801 0000 | 48c7 0001 | 0000 0048 | 8bca 49ba | 0000 00a5 | 7a01 0000 
  0x0000017a8d2f5afc: 492b ca89 | 4808 4833 | c989 480c | 4833 c948 | 8948 1048 | 8bd0 4889 | 8424 8001 | 0000 0f1f 
  0x0000017a8d2f5b1c: ;   {optimized virtual_call}
  0x0000017a8d2f5b1c: 4400 00e8 

  0x0000017a8d2f5b20: ; ImmutableOopMap {[184]=Oop [384]=Oop }
                      ;*invokespecial <init> {reexecute=0 rethrow=0 return_oop=0}
                      ; - com.sun.tools.javac.jvm.PoolWriter$WriteablePoolHelper::writeConstant@257 (line 389)
  0x0000017a8d2f5b20: 5c8f 5107 

  0x0000017a8d2f5b24: ;   {other}
  0x0000017a8d2f5b24: 0f1f 8400 | 9413 001e | 450f be47 | 4045 85c0 | 488b 9424 | b800 0000 | 0f85 2513 | 0000 488b 
  0x0000017a8d2f5b44: 8424 8001 | 0000 4c8b | d049 c1ea | 0344 8952 | 1c4c 8bc2 | 4c33 c049 | c1e8 1549 | 83f8 000f 
  0x0000017a8d2f5b64: 851e 1300 | 0048 81c4 | 5002 0000 

  0x0000017a8d2f5b70: ;   {poll_return}
  0x0000017a8d2f5b70: 5d49 3ba7 | 5004 0000 | 0f87 2113 | 0000 c348 | 8bb4 2440 | 0100 0048 | 8b94 24b8 | 0000 008b 
  0x0000017a8d2f5b90: 5220 48c1 | e203 448b | 4610 49c1 | e003 4d85 | c00f 8429 

  0x0000017a8d2f5ba4: ;   {metadata('com/sun/tools/javac/code/Symbol$ClassSymbol')}
  0x0000017a8d2f5ba4: 0000 0048 | bb98 2d2a | a67a 0100 | 0041 8b70 | 0849 ba00 | 0000 a57a | 0100 0049 | 03f2 483b 
  0x0000017a8d2f5bc4: de0f 85ea | 1200 00e9 | 0000 0000 

  0x0000017a8d2f5bd0: ; implicit exception: dispatches to 0x0000017a8d2f6ebe
  0x0000017a8d2f5bd0: 483b 020f 

  0x0000017a8d2f5bd4: ;   {optimized virtual_call}
  0x0000017a8d2f5bd4: 1f40 00e8 

  0x0000017a8d2f5bd8: ; ImmutableOopMap {}
                      ;*invokevirtual enterInner {reexecute=0 rethrow=0 return_oop=0}
                      ; - com.sun.tools.javac.jvm.PoolWriter$WriteablePoolHelper::writeConstant@187 (line 377)
  0x0000017a8d2f5bd8: 4487 4f00 

  0x0000017a8d2f5bdc: ;   {other}
  0x0000017a8d2f5bdc: 0f1f 8400 | 4c14 001f | 4881 c450 | 0200 005d 

  0x0000017a8d2f5bec: ;   {poll_return}
  0x0000017a8d2f5bec: 493b a750 | 0400 000f | 87ca 1200 | 00c3 488b | bc24 3001 | 0000 8b57 | 1848 c1e2 | 0344 8b42 
  0x0000017a8d2f5c0c: 1049 c1e0 | 0341 c740 | 0c00 0000 | 004c 8bc3 

  0x0000017a8d2f5c1c: ;   {optimized virtual_call}
  0x0000017a8d2f5c1c: 6666 90e8 

  0x0000017a8d2f5c20: ; ImmutableOopMap {[304]=Oop [312]=Oop }
                      ;*invokevirtual assembleSig {reexecute=0 rethrow=0 return_oop=0}
                      ; - com.sun.tools.javac.jvm.PoolWriter::typeSig@12 (line 497)
                      ; - com.sun.tools.javac.jvm.PoolWriter::putDescriptor@10 (line 140)
                      ; - com.sun.tools.javac.jvm.PoolWriter$WriteablePoolHelper::writeConstant@713 (line 457)
  0x0000017a8d2f5c20: 9c24 5500 

  0x0000017a8d2f5c24: ;   {other}
  0x0000017a8d2f5c24: 0f1f 8400 | 9414 0020 | 488b bc24 | 3001 0000 | 448b 4718 | 49c1 e003 

  0x0000017a8d2f5c3c: ; implicit exception: dispatches to 0x0000017a8d2f6ee3
  0x0000017a8d2f5c3c: 418b 5010 | 48c1 e203 | 458b 4014 | 49c1 e003 

  0x0000017a8d2f5c4c: ; implicit exception: dispatches to 0x0000017a8d2f6ee8
  0x0000017a8d2f5c4c: 458b 4010 | 49c1 e003 

  0x0000017a8d2f5c54: ; implicit exception: dispatches to 0x0000017a8d2f6eed
                      ;   {optimized virtual_call}
  0x0000017a8d2f5c54: 483b 02e8 

  0x0000017a8d2f5c58: ; ImmutableOopMap {[304]=Oop [312]=Oop }
                      ;*invokevirtual toName {reexecute=0 rethrow=0 return_oop=0}
                      ; - com.sun.tools.javac.jvm.PoolWriter$SharedSignatureGenerator::toName@11 (line 329)
                      ; - com.sun.tools.javac.jvm.PoolWriter::typeSig@19 (line 498)
                      ; - com.sun.tools.javac.jvm.PoolWriter::putDescriptor@10 (line 140)
                      ; - com.sun.tools.javac.jvm.PoolWriter$WriteablePoolHelper::writeConstant@713 (line 457)
  0x0000017a8d2f5c58: 3118 0000 

  0x0000017a8d2f5c5c: ;   {other}
  0x0000017a8d2f5c5c: 0f1f 8400 | cc14 0021 | 488b bc24 | 3001 0000 | 8b57 1448 | c1e2 0348 | 3b02 4c8b | c066 0f1f 
  0x0000017a8d2f5c7c: ;   {optimized virtual_call}
  0x0000017a8d2f5c7c: 4400 00e8 

  0x0000017a8d2f5c80: ; ImmutableOopMap {[304]=Oop [312]=Oop }
                      ;*invokevirtual writeIfNeeded {reexecute=0 rethrow=0 return_oop=0}
                      ; - com.sun.tools.javac.jvm.PoolWriter::putName@5 (line 197)
                      ; - com.sun.tools.javac.jvm.PoolWriter::putDescriptor@13 (line 140)
                      ; - com.sun.tools.javac.jvm.PoolWriter$WriteablePoolHelper::writeConstant@713 (line 457)
  0x0000017a8d2f5c80: dc37 0800 

  0x0000017a8d2f5c84: ;   {other}
  0x0000017a8d2f5c84: 0f1f 8400 | f414 0022 | 488b b424 | 3801 0000 

  0x0000017a8d2f5c94: ; implicit exception: dispatches to 0x0000017a8d2f6ef7
  0x0000017a8d2f5c94: 483b 064c | 8bc0 488b 

  0x0000017a8d2f5c9c: ;   {optimized virtual_call}
  0x0000017a8d2f5c9c: d666 90e8 

  0x0000017a8d2f5ca0: ; ImmutableOopMap {[304]=Oop [312]=Oop }
                      ;*invokevirtual appendChar {reexecute=0 rethrow=0 return_oop=0}
                      ; - com.sun.tools.javac.jvm.PoolWriter$WriteablePoolHelper::writeConstant@716 (line 457)
  0x0000017a8d2f5ca0: bcd6 0600 

  0x0000017a8d2f5ca4: ;   {other}
  0x0000017a8d2f5ca4: 0f1f 8400 | 1415 0023 | 4881 c450 | 0200 005d 

  0x0000017a8d2f5cb4: ;   {poll_return}
  0x0000017a8d2f5cb4: 493b a750 | 0400 000f | 873b 1200 | 00c3 488b | bc24 f000 | 0000 8b57 | 1848 c1e2 | 0344 8b42 
  0x0000017a8d2f5cd4: 1049 c1e0 | 0341 c740 | 0c00 0000 | 004c 8bc0 

  0x0000017a8d2f5ce4: ;   {optimized virtual_call}
  0x0000017a8d2f5ce4: 6666 90e8 

  0x0000017a8d2f5ce8: ; ImmutableOopMap {[240]=Oop [248]=Oop }
                      ;*invokevirtual assembleSig {reexecute=0 rethrow=0 return_oop=0}
                      ; - com.sun.tools.javac.jvm.PoolWriter::typeSig@12 (line 497)
                      ; - com.sun.tools.javac.jvm.PoolWriter::putDescriptor@10 (line 140)
                      ; - com.sun.tools.javac.jvm.PoolWriter$WriteablePoolHelper::writeConstant@614 (line 444)
  0x0000017a8d2f5ce8: c117 0000 

  0x0000017a8d2f5cec: ;   {other}
  0x0000017a8d2f5cec: 0f1f 8400 | 5c15 0024 | 488b bc24 | f000 0000 | 448b 4718 | 49c1 e003 

  0x0000017a8d2f5d04: ; implicit exception: dispatches to 0x0000017a8d2f6f1c
  0x0000017a8d2f5d04: 418b 5010 | 48c1 e203 | 458b 4014 | 49c1 e003 

  0x0000017a8d2f5d14: ; implicit exception: dispatches to 0x0000017a8d2f6f21
  0x0000017a8d2f5d14: 458b 4010 | 49c1 e003 

  0x0000017a8d2f5d1c: ; implicit exception: dispatches to 0x0000017a8d2f6f26
                      ;   {optimized virtual_call}
  0x0000017a8d2f5d1c: 483b 02e8 

  0x0000017a8d2f5d20: ; ImmutableOopMap {[240]=Oop [248]=Oop }
                      ;*invokevirtual toName {reexecute=0 rethrow=0 return_oop=0}
                      ; - com.sun.tools.javac.jvm.PoolWriter$SharedSignatureGenerator::toName@11 (line 329)
                      ; - com.sun.tools.javac.jvm.PoolWriter::typeSig@19 (line 498)
                      ; - com.sun.tools.javac.jvm.PoolWriter::putDescriptor@10 (line 140)
                      ; - com.sun.tools.javac.jvm.PoolWriter$WriteablePoolHelper::writeConstant@614 (line 444)
  0x0000017a8d2f5d20: 9917 0000 

  0x0000017a8d2f5d24: ;   {other}
  0x0000017a8d2f5d24: 0f1f 8400 | 9415 0025 | 488b bc24 | f000 0000 | 8b57 1448 | c1e2 0348 | 3b02 4c8b | c066 0f1f 
  0x0000017a8d2f5d44: ;   {optimized virtual_call}
  0x0000017a8d2f5d44: 4400 00e8 

  0x0000017a8d2f5d48: ; ImmutableOopMap {[240]=Oop [248]=Oop }
                      ;*invokevirtual writeIfNeeded {reexecute=0 rethrow=0 return_oop=0}
                      ; - com.sun.tools.javac.jvm.PoolWriter::putName@5 (line 197)
                      ; - com.sun.tools.javac.jvm.PoolWriter::putDescriptor@13 (line 140)
                      ; - com.sun.tools.javac.jvm.PoolWriter$WriteablePoolHelper::writeConstant@614 (line 444)
  0x0000017a8d2f5d48: 1437 0800 

  0x0000017a8d2f5d4c: ;   {other}
  0x0000017a8d2f5d4c: 0f1f 8400 | bc15 0026 | 488b b424 | f800 0000 

  0x0000017a8d2f5d5c: ; implicit exception: dispatches to 0x0000017a8d2f6f30
  0x0000017a8d2f5d5c: 483b 064c | 8bc0 488b 

  0x0000017a8d2f5d64: ;   {optimized virtual_call}
  0x0000017a8d2f5d64: d666 90e8 

  0x0000017a8d2f5d68: ; ImmutableOopMap {[240]=Oop [248]=Oop }
                      ;*invokevirtual appendChar {reexecute=0 rethrow=0 return_oop=0}
                      ; - com.sun.tools.javac.jvm.PoolWriter$WriteablePoolHelper::writeConstant@617 (line 444)
  0x0000017a8d2f5d68: f4d5 0600 

  0x0000017a8d2f5d6c: ;   {other}
  0x0000017a8d2f5d6c: 0f1f 8400 | dc15 0027 | 4881 c450 | 0200 005d 

  0x0000017a8d2f5d7c: ;   {poll_return}
  0x0000017a8d2f5d7c: 493b a750 | 0400 000f | 87ac 1100 | 00c3 488b | 8424 d800 | 0000 483b | 004c 8bc3 | 488b d00f 
  0x0000017a8d2f5d9c: ;   {optimized virtual_call}
  0x0000017a8d2f5d9c: 1f40 00e8 

  0x0000017a8d2f5da0: ; ImmutableOopMap {[184]=Oop [192]=Oop [224]=Oop }
                      ;*invokevirtual writeIfNeeded {reexecute=0 rethrow=0 return_oop=0}
                      ; - com.sun.tools.javac.jvm.PoolWriter::putClass@12 (line 119)
                      ; - com.sun.tools.javac.jvm.PoolWriter::putClass@5 (line 111)
                      ; - com.sun.tools.javac.jvm.PoolWriter$WriteablePoolHelper::writeConstant@294 (line 398)
  0x0000017a8d2f5da0: bc36 0800 

  0x0000017a8d2f5da4: ;   {other}
  0x0000017a8d2f5da4: 0f1f 8400 | 1416 0028 | 488b b424 | e000 0000 

  0x0000017a8d2f5db4: ; implicit exception: dispatches to 0x0000017a8d2f6f50
  0x0000017a8d2f5db4: 483b 064c | 8bc0 488b 

  0x0000017a8d2f5dbc: ;   {optimized virtual_call}
  0x0000017a8d2f5dbc: d666 90e8 

  0x0000017a8d2f5dc0: ; ImmutableOopMap {[184]=Oop [192]=Oop }
                      ;*invokevirtual appendChar {reexecute=0 rethrow=0 return_oop=0}
                      ; - com.sun.tools.javac.jvm.PoolWriter$WriteablePoolHelper::writeConstant@297 (line 398)
  0x0000017a8d2f5dc0: 9cd5 0600 

  0x0000017a8d2f5dc4: ;   {other}
  0x0000017a8d2f5dc4: 0f1f 8400 | 3416 0029 | 488b 9424 | b800 0000 | 8b72 1448 | c1e6 038b | 5220 48c1 | e203 483b 
  0x0000017a8d2f5de4: 024c 8b84 | 24c0 0000 | 0048 89b4 | 2488 0100 

  0x0000017a8d2f5df4: ;   {optimized virtual_call}
  0x0000017a8d2f5df4: 0066 90e8 

  0x0000017a8d2f5df8: ; ImmutableOopMap {[392]=Oop }
                      ;*invokevirtual putNameAndType {reexecute=0 rethrow=0 return_oop=0}
                      ; - com.sun.tools.javac.jvm.PoolWriter$WriteablePoolHelper::writeConstant@309 (line 399)
  0x0000017a8d2f5df8: f116 0000 

  0x0000017a8d2f5dfc: ;   {other}
  0x0000017a8d2f5dfc: 0f1f 8400 | 6c16 002a | 488b b424 | 8801 0000 

  0x0000017a8d2f5e0c: ; implicit exception: dispatches to 0x0000017a8d2f6f5a
  0x0000017a8d2f5e0c: 483b 064c | 8bc0 488b 

  0x0000017a8d2f5e14: ;   {optimized virtual_call}
  0x0000017a8d2f5e14: d666 90e8 

  0x0000017a8d2f5e18: ; ImmutableOopMap {}
                      ;*invokevirtual appendChar {reexecute=0 rethrow=0 return_oop=0}
                      ; - com.sun.tools.javac.jvm.PoolWriter$WriteablePoolHelper::writeConstant@312 (line 399)
  0x0000017a8d2f5e18: 44d5 0600 

  0x0000017a8d2f5e1c: ;   {other}
  0x0000017a8d2f5e1c: 0f1f 8400 | 8c16 002b | 4881 c450 | 0200 005d 

  0x0000017a8d2f5e2c: ;   {poll_return}
  0x0000017a8d2f5e2c: 493b a750 | 0400 000f | 8726 1100 | 00c3 4c8b | 8424 b000 | 0000 4d85 | c00f 842a 

  0x0000017a8d2f5e48: ;   {metadata('com/sun/tools/javac/code/Symbol$PackageSymbol')}
  0x0000017a8d2f5e48: 0000 0048 | b8d0 3c2a | a67a 0100 | 0041 8b58 | 0849 ba00 | 0000 a57a | 0100 0049 | 03da 483b 
  0x0000017a8d2f5e68: 4350 0f85 | 0511 0000 | e900 0000 | 0049 8bf0 

  0x0000017a8d2f5e78: ; implicit exception: dispatches to 0x0000017a8d2f6f7e
  0x0000017a8d2f5e78: 8b76 3448 | c1e6 038b | 7e0c 48c1 | e703 8b7f | 0c48 c1e7 | 0348 8bd6 | 4889 bc24 | 9001 0000 
  0x0000017a8d2f5e98: 0f1f 8000 

  0x0000017a8d2f5e9c: ;   {optimized virtual_call}
  0x0000017a8d2f5e9c: 0000 00e8 

  0x0000017a8d2f5ea0: ; ImmutableOopMap {[184]=Oop [400]=Oop }
                      ;*invokevirtual toString {reexecute=0 rethrow=0 return_oop=0}
                      ; - com.sun.tools.javac.jvm.ClassFile::externalize@8 (line 180)
                      ; - com.sun.tools.javac.jvm.PoolWriter$WriteablePoolHelper::writeConstant@327 (line 404)
  0x0000017a8d2f5ea0: dc8b 5107 

  0x0000017a8d2f5ea4: ;   {other}
  0x0000017a8d2f5ea4: 0f1f 8400 | 1417 002c 

  0x0000017a8d2f5eac: ; implicit exception: dispatches to 0x0000017a8d2f6f8d
  0x0000017a8d2f5eac: 483b 0041 | b82e 0000 | 0041 b92f | 0000 0048 

  0x0000017a8d2f5ebc: ;   {optimized virtual_call}
  0x0000017a8d2f5ebc: 8bd0 90e8 

  0x0000017a8d2f5ec0: ; ImmutableOopMap {[184]=Oop [400]=Oop }
                      ;*invokevirtual replace {reexecute=0 rethrow=0 return_oop=0}
                      ; - com.sun.tools.javac.jvm.ClassFile::externalize@5 (line 190)
                      ; - com.sun.tools.javac.jvm.ClassFile::externalize@11 (line 180)
                      ; - com.sun.tools.javac.jvm.PoolWriter$WriteablePoolHelper::writeConstant@327 (line 404)
  0x0000017a8d2f5ec0: bc8b 5107 

  0x0000017a8d2f5ec4: ;   {other}
  0x0000017a8d2f5ec4: 0f1f 8400 | 3417 002d | 488b bc24 | 9001 0000 

  0x0000017a8d2f5ed4: ; implicit exception: dispatches to 0x0000017a8d2f6f92
  0x0000017a8d2f5ed4: 8b97 6402 | 0000 48c1 | e203 483b | 024c 8bc0 

  0x0000017a8d2f5ee4: ;   {optimized virtual_call}
  0x0000017a8d2f5ee4: 6666 90e8 

  0x0000017a8d2f5ee8: ; ImmutableOopMap {[184]=Oop }
                      ;*invokevirtual fromString {reexecute=0 rethrow=0 return_oop=0}
                      ; - com.sun.tools.javac.util.Names::fromString@5 (line 447)
                      ; - com.sun.tools.javac.jvm.ClassFile::externalize@14 (line 180)
                      ; - com.sun.tools.javac.jvm.PoolWriter$WriteablePoolHelper::writeConstant@327 (line 404)
  0x0000017a8d2f5ee8: 948b 5107 

  0x0000017a8d2f5eec: ;   {other}
  0x0000017a8d2f5eec: 0f1f 8400 | 5c17 002e | 488b 9424 | b800 0000 | 8b72 1448 | c1e6 0348 | 3b06 448b | 8424 4801 
  0x0000017a8d2f5f0c: 0000 488b | d648 8984 | 2498 0100 | 0066 0f1f 

  0x0000017a8d2f5f1c: ;   {optimized virtual_call}
  0x0000017a8d2f5f1c: 4400 00e8 

  0x0000017a8d2f5f20: ; ImmutableOopMap {[184]=Oop [408]=Oop }
                      ;*invokevirtual appendByte {reexecute=0 rethrow=0 return_oop=0}
                      ; - com.sun.tools.javac.jvm.PoolWriter$WriteablePoolHelper::writeConstant@337 (line 405)
  0x0000017a8d2f5f20: 5c8b 5107 

  0x0000017a8d2f5f24: ;   {other}
  0x0000017a8d2f5f24: 0f1f 8400 | 9417 002f | 488b 9424 | b800 0000 | 8b72 1448 | c1e6 0344 | 8b42 2049 | c1e0 0341 
  0x0000017a8d2f5f44: 8b50 1448 | c1e2 0348 | 3b02 4c8b | 8424 9801 | 0000 4889 | b424 a001 

  0x0000017a8d2f5f5c: ;   {optimized virtual_call}
  0x0000017a8d2f5f5c: 0000 90e8 

  0x0000017a8d2f5f60: ; ImmutableOopMap {[416]=Oop }
                      ;*invokevirtual writeIfNeeded {reexecute=0 rethrow=0 return_oop=0}
                      ; - com.sun.tools.javac.jvm.PoolWriter::putName@5 (line 197)
                      ; - com.sun.tools.javac.jvm.PoolWriter$WriteablePoolHelper::writeConstant@350 (line 406)
  0x0000017a8d2f5f60: 1c8b 5107 

  0x0000017a8d2f5f64: ;   {other}
  0x0000017a8d2f5f64: 0f1f 8400 | d417 0030 | 488b b424 | a001 0000 

  0x0000017a8d2f5f74: ; implicit exception: dispatches to 0x0000017a8d2f6fab
  0x0000017a8d2f5f74: 483b 064c | 8bc0 488b 

  0x0000017a8d2f5f7c: ;   {optimized virtual_call}
  0x0000017a8d2f5f7c: d666 90e8 

  0x0000017a8d2f5f80: ; ImmutableOopMap {}
                      ;*invokevirtual appendChar {reexecute=0 rethrow=0 return_oop=0}
                      ; - com.sun.tools.javac.jvm.PoolWriter$WriteablePoolHelper::writeConstant@353 (line 406)
  0x0000017a8d2f5f80: fc8a 5107 

  0x0000017a8d2f5f84: ;   {other}
  0x0000017a8d2f5f84: 0f1f 8400 | f417 0031 | 4881 c450 | 0200 005d 

  0x0000017a8d2f5f94: ;   {poll_return}
  0x0000017a8d2f5f94: 493b a750 | 0400 000f | 870f 1000 | 00c3 4c8b | 8424 b000 | 0000 488b | 9424 b800 | 0000 4d85 
  0x0000017a8d2f5fb4: c00f 842a 

  0x0000017a8d2f5fb8: ;   {metadata('com/sun/tools/javac/code/Symbol$ModuleSymbol')}
  0x0000017a8d2f5fb8: 0000 0048 | bb38 4d2a | a67a 0100 | 0041 8b78 | 0849 ba00 | 0000 a57a | 0100 0049 | 03fa 483b 
  0x0000017a8d2f5fd8: 5f50 0f85 | e60f 0000 | e900 0000 | 0049 8bf0 | 448b 4220 | 49c1 e003 

  0x0000017a8d2f5ff0: ; implicit exception: dispatches to 0x0000017a8d2f6fcf
  0x0000017a8d2f5ff0: 8b7e 1848 | c1e7 0341 | 8b58 1448 | c1e3 0348 | 3b03 4c8b | c748 8bd3 | 4889 b424 | a801 0000 
  0x0000017a8d2f6010: 0f1f 8000 

  0x0000017a8d2f6014: ;   {optimized virtual_call}
  0x0000017a8d2f6014: 0000 00e8 

  0x0000017a8d2f6018: ; ImmutableOopMap {[184]=Oop [424]=Oop }
                      ;*invokevirtual writeIfNeeded {reexecute=0 rethrow=0 return_oop=0}
                      ; - com.sun.tools.javac.jvm.PoolWriter::putName@5 (line 197)
                      ; - com.sun.tools.javac.jvm.PoolWriter$WriteablePoolHelper::writeConstant@372 (line 411)
  0x0000017a8d2f6018: 648a 5107 

  0x0000017a8d2f601c: ;   {other}
  0x0000017a8d2f601c: 0f1f 8400 | 8c18 0032 | 488b 9424 | b800 0000 | 8b72 1448 | c1e6 0348 | 3b06 41b8 | 1300 0000 
  0x0000017a8d2f603c: 488b d689 | 8424 b001 

  0x0000017a8d2f6044: ;   {optimized virtual_call}
  0x0000017a8d2f6044: 0000 90e8 

  0x0000017a8d2f6048: ; ImmutableOopMap {[184]=Oop }
                      ;*invokevirtual appendByte {reexecute=0 rethrow=0 return_oop=0}
                      ; - com.sun.tools.javac.jvm.PoolWriter$WriteablePoolHelper::writeConstant@385 (line 412)
  0x0000017a8d2f6048: 348a 5107 

  0x0000017a8d2f604c: ;   {other}
  0x0000017a8d2f604c: 0f1f 8400 | bc18 0033 | 488b 9424 | b800 0000 | 8b52 1448 | c1e2 0348 | 3b02 448b | 8424 b001 
  0x0000017a8d2f606c: ;   {optimized virtual_call}
  0x0000017a8d2f606c: 0000 90e8 

  0x0000017a8d2f6070: ; ImmutableOopMap {}
                      ;*invokevirtual appendChar {reexecute=0 rethrow=0 return_oop=0}
                      ; - com.sun.tools.javac.jvm.PoolWriter$WriteablePoolHelper::writeConstant@394 (line 413)
  0x0000017a8d2f6070: 0c8a 5107 

  0x0000017a8d2f6074: ;   {other}
  0x0000017a8d2f6074: 0f1f 8400 | e418 0034 | 4881 c450 | 0200 005d 

  0x0000017a8d2f6084: ;   {poll_return}
  0x0000017a8d2f6084: 493b a750 | 0400 000f | 8757 0f00 | 00c3 4c8b | 8424 b000 | 0000 488b | 9424 b800 | 0000 4d85 
  0x0000017a8d2f60a4: c00f 8429 

  0x0000017a8d2f60a8: ;   {metadata('com/sun/tools/javac/code/Symbol$DynamicMethodSymbol')}
  0x0000017a8d2f60a8: 0000 0048 | bbe8 522f | a67a 0100 | 0041 8b70 | 0849 ba00 | 0000 a57a | 0100 0049 | 03f2 483b 
  0x0000017a8d2f60c8: de0f 852f | 0f00 00e9 | 0000 0000 | 498b f08b | 7a14 48c1 | e703 483b | 0744 8b84 | 2448 0100 
  0x0000017a8d2f60e8: 0048 8bd7 | 4889 b424 | b801 0000 

  0x0000017a8d2f60f4: ;   {optimized virtual_call}
  0x0000017a8d2f60f4: 6666 90e8 

  0x0000017a8d2f60f8: ; ImmutableOopMap {[184]=Oop [440]=Oop }
                      ;*invokevirtual appendByte {reexecute=0 rethrow=0 return_oop=0}
                      ; - com.sun.tools.javac.jvm.PoolWriter$WriteablePoolHelper::writeConstant@732 (line 462)
  0x0000017a8d2f60f8: 64ca 0600 

  0x0000017a8d2f60fc: ;   {other}
  0x0000017a8d2f60fc: 0f1f 8400 | 6c19 0035 | 488b 9424 | b800 0000 | 8b72 1448 | c1e6 038b | 7a20 48c1 | e703 483b 
  0x0000017a8d2f611c: 074c 8b84 | 24b8 0100 | 0048 8bd7 | 4889 b424 | c001 0000 | 0f1f 8000 

  0x0000017a8d2f6134: ;   {optimized virtual_call}
  0x0000017a8d2f6134: 0000 00e8 

  0x0000017a8d2f6138: ; ImmutableOopMap {[184]=Oop [440]=Oop [448]=Oop }
                      ;*invokevirtual makeBootstrapEntry {reexecute=0 rethrow=0 return_oop=0}
                      ; - com.sun.tools.javac.jvm.PoolWriter$WriteablePoolHelper::writeConstant@744 (line 463)
  0x0000017a8d2f6138: 0016 0000 

  0x0000017a8d2f613c: ;   {other}
  0x0000017a8d2f613c: 0f1f 8400 | ac19 0036 | 488b b424 | c001 0000 

  0x0000017a8d2f614c: ; implicit exception: dispatches to 0x0000017a8d2f7011
  0x0000017a8d2f614c: 483b 064c | 8bc0 488b 

  0x0000017a8d2f6154: ;   {optimized virtual_call}
  0x0000017a8d2f6154: d666 90e8 

  0x0000017a8d2f6158: ; ImmutableOopMap {[184]=Oop [440]=Oop }
                      ;*invokevirtual appendChar {reexecute=0 rethrow=0 return_oop=0}
                      ; - com.sun.tools.javac.jvm.PoolWriter$WriteablePoolHelper::writeConstant@747 (line 463)
  0x0000017a8d2f6158: 04d2 0600 

  0x0000017a8d2f615c: ;   {other}
  0x0000017a8d2f615c: 0f1f 8400 | cc19 0037 | 488b 9424 | b800 0000 | 8b72 1448 | c1e6 038b | 5220 48c1 | e203 483b 
  0x0000017a8d2f617c: 024c 8b84 | 24b8 0100 | 0048 89b4 | 24c8 0100 

  0x0000017a8d2f618c: ;   {optimized virtual_call}
  0x0000017a8d2f618c: 0066 90e8 

  0x0000017a8d2f6190: ; ImmutableOopMap {[456]=Oop }
                      ;*invokevirtual putNameAndType {reexecute=0 rethrow=0 return_oop=0}
                      ; - com.sun.tools.javac.jvm.PoolWriter$WriteablePoolHelper::writeConstant@759 (line 464)
  0x0000017a8d2f6190: f913 0000 

  0x0000017a8d2f6194: ;   {other}
  0x0000017a8d2f6194: 0f1f 8400 | 041a 0038 | 488b b424 | c801 0000 

  0x0000017a8d2f61a4: ; implicit exception: dispatches to 0x0000017a8d2f701b
  0x0000017a8d2f61a4: 483b 064c | 8bc0 488b 

  0x0000017a8d2f61ac: ;   {optimized virtual_call}
  0x0000017a8d2f61ac: d666 90e8 

  0x0000017a8d2f61b0: ; ImmutableOopMap {}
                      ;*invokevirtual appendChar {reexecute=0 rethrow=0 return_oop=0}
                      ; - com.sun.tools.javac.jvm.PoolWriter$WriteablePoolHelper::writeConstant@762 (line 464)
  0x0000017a8d2f61b0: acd1 0600 

  0x0000017a8d2f61b4: ;   {other}
  0x0000017a8d2f61b4: 0f1f 8400 | 241a 0039 | 4881 c450 | 0200 005d 

  0x0000017a8d2f61c4: ;   {poll_return}
  0x0000017a8d2f61c4: 493b a750 | 0400 000f | 874f 0e00 | 00c3 4c8b | 8424 b000 | 0000 488b | 9424 b800 | 0000 4d85 
  0x0000017a8d2f61e4: c00f 8429 

  0x0000017a8d2f61e8: ;   {metadata('com/sun/tools/javac/code/Symbol$DynamicVarSymbol')}
  0x0000017a8d2f61e8: 0000 0048 | bb90 d42f | a67a 0100 | 0041 8b70 | 0849 ba00 | 0000 a57a | 0100 0049 | 03f2 483b 
  0x0000017a8d2f6208: de0f 8527 | 0e00 00e9 | 0000 0000 | 498b f08b | 7a14 48c1 | e703 483b | 0744 8b84 | 2448 0100 
  0x0000017a8d2f6228: 0048 8bd7 | 4889 b424 | d001 0000 

  0x0000017a8d2f6234: ;   {optimized virtual_call}
  0x0000017a8d2f6234: 6666 90e8 

  0x0000017a8d2f6238: ; ImmutableOopMap {[184]=Oop [464]=Oop }
                      ;*invokevirtual appendByte {reexecute=0 rethrow=0 return_oop=0}
                      ; - com.sun.tools.javac.jvm.PoolWriter$WriteablePoolHelper::writeConstant@778 (line 469)
  0x0000017a8d2f6238: 4488 5107 

  0x0000017a8d2f623c: ;   {other}
  0x0000017a8d2f623c: 0f1f 8400 | ac1a 003a | 488b 9424 | b800 0000 | 8b72 1448 | c1e6 038b | 7a20 48c1 | e703 483b 
  0x0000017a8d2f625c: 074c 8b84 | 24d0 0100 | 0048 8bd7 | 4889 b424 | d801 0000 | 0f1f 8000 

  0x0000017a8d2f6274: ;   {optimized virtual_call}
  0x0000017a8d2f6274: 0000 00e8 

  0x0000017a8d2f6278: ; ImmutableOopMap {[184]=Oop [464]=Oop [472]=Oop }
                      ;*invokevirtual makeBootstrapEntry {reexecute=0 rethrow=0 return_oop=0}
                      ; - com.sun.tools.javac.jvm.PoolWriter$WriteablePoolHelper::writeConstant@790 (line 470)
  0x0000017a8d2f6278: 0488 5107 

  0x0000017a8d2f627c: ;   {other}
  0x0000017a8d2f627c: 0f1f 8400 | ec1a 003b | 488b b424 | d801 0000 

  0x0000017a8d2f628c: ; implicit exception: dispatches to 0x0000017a8d2f7049
  0x0000017a8d2f628c: 483b 064c | 8bc0 488b 

  0x0000017a8d2f6294: ;   {optimized virtual_call}
  0x0000017a8d2f6294: d666 90e8 

  0x0000017a8d2f6298: ; ImmutableOopMap {[184]=Oop [464]=Oop }
                      ;*invokevirtual appendChar {reexecute=0 rethrow=0 return_oop=0}
                      ; - com.sun.tools.javac.jvm.PoolWriter$WriteablePoolHelper::writeConstant@793 (line 470)
  0x0000017a8d2f6298: e487 5107 

  0x0000017a8d2f629c: ;   {other}
  0x0000017a8d2f629c: 0f1f 8400 | 0c1b 003c | 488b 9424 | b800 0000 | 8b72 1448 | c1e6 038b | 5220 48c1 | e203 483b 
  0x0000017a8d2f62bc: 024c 8b84 | 24d0 0100 | 0048 89b4 | 24e0 0100 

  0x0000017a8d2f62cc: ;   {optimized virtual_call}
  0x0000017a8d2f62cc: 0066 90e8 

  0x0000017a8d2f62d0: ; ImmutableOopMap {[480]=Oop }
                      ;*invokevirtual putNameAndType {reexecute=0 rethrow=0 return_oop=0}
                      ; - com.sun.tools.javac.jvm.PoolWriter$WriteablePoolHelper::writeConstant@805 (line 471)
  0x0000017a8d2f62d0: ac87 5107 

  0x0000017a8d2f62d4: ;   {other}
  0x0000017a8d2f62d4: 0f1f 8400 | 441b 003d | 488b b424 | e001 0000 

  0x0000017a8d2f62e4: ; implicit exception: dispatches to 0x0000017a8d2f7053
  0x0000017a8d2f62e4: 483b 064c | 8bc0 488b 

  0x0000017a8d2f62ec: ;   {optimized virtual_call}
  0x0000017a8d2f62ec: d666 90e8 

  0x0000017a8d2f62f0: ; ImmutableOopMap {}
                      ;*invokevirtual appendChar {reexecute=0 rethrow=0 return_oop=0}
                      ; - com.sun.tools.javac.jvm.PoolWriter$WriteablePoolHelper::writeConstant@808 (line 471)
  0x0000017a8d2f62f0: 8c87 5107 

  0x0000017a8d2f62f4: ;   {other}
  0x0000017a8d2f62f4: 0f1f 8400 | 641b 003e | 4881 c450 | 0200 005d 

  0x0000017a8d2f6304: ;   {poll_return}
  0x0000017a8d2f6304: 493b a750 | 0400 000f | 8747 0d00 | 00c3 4c8b | 8424 b000 | 0000 488b | 9424 b800 | 0000 4d85 
  0x0000017a8d2f6324: c00f 8429 

  0x0000017a8d2f6328: ;   {metadata('com/sun/tools/javac/code/Symbol$MethodHandleSymbol')}
  0x0000017a8d2f6328: 0000 0048 | bbe8 9049 | a67a 0100 | 0041 8b70 | 0849 ba00 | 0000 a57a | 0100 0049 | 03f2 483b 
  0x0000017a8d2f6348: de0f 851f | 0d00 00e9 | 0000 0000 | 498b f048 | 89b4 24e8 | 0100 008b | 7a14 48c1 | e703 483b 
  0x0000017a8d2f6368: 0744 8b84 | 2448 0100 | 0048 8bd7 

  0x0000017a8d2f6374: ;   {optimized virtual_call}
  0x0000017a8d2f6374: 6666 90e8 

  0x0000017a8d2f6378: ; ImmutableOopMap {[184]=Oop [488]=Oop }
                      ;*invokevirtual appendByte {reexecute=0 rethrow=0 return_oop=0}
                      ; - com.sun.tools.javac.jvm.PoolWriter$WriteablePoolHelper::writeConstant@554 (line 436)
  0x0000017a8d2f6378: e4c7 0600 

  0x0000017a8d2f637c: ;   {other}
  0x0000017a8d2f637c: 0f1f 8400 | ec1b 003f | 488b 9424 | b800 0000 | 8b72 1448 | c1e6 0348 | 8bbc 24e8 | 0100 0048 
  0x0000017a8d2f639c: 3b07 488b | d748 89b4 | 24f0 0100 | 0066 0f1f 

  0x0000017a8d2f63ac: ;   {optimized virtual_call}
  0x0000017a8d2f63ac: 4400 00e8 

  0x0000017a8d2f63b0: ; ImmutableOopMap {[184]=Oop [488]=Oop [496]=Oop }
                      ;*invokevirtual referenceKind {reexecute=0 rethrow=0 return_oop=0}
                      ; - com.sun.tools.javac.jvm.PoolWriter$WriteablePoolHelper::writeConstant@562 (line 437)
  0x0000017a8d2f63b0: 4912 0000 

  0x0000017a8d2f63b4: ;   {other}
  0x0000017a8d2f63b4: 0f1f 8400 | 241c 0040 | 488b b424 | f001 0000 

  0x0000017a8d2f63c4: ; implicit exception: dispatches to 0x0000017a8d2f7081
  0x0000017a8d2f63c4: 483b 064c | 8bc0 488b 

  0x0000017a8d2f63cc: ;   {optimized virtual_call}
  0x0000017a8d2f63cc: d666 90e8 

  0x0000017a8d2f63d0: ; ImmutableOopMap {[184]=Oop [488]=Oop }
                      ;*invokevirtual appendByte {reexecute=0 rethrow=0 return_oop=0}
                      ; - com.sun.tools.javac.jvm.PoolWriter$WriteablePoolHelper::writeConstant@565 (line 437)
  0x0000017a8d2f63d0: 8cc7 0600 

  0x0000017a8d2f63d4: ;   {other}
  0x0000017a8d2f63d4: 0f1f 8400 | 441c 0041 | 488b 9424 | b800 0000 | 8b72 1448 | c1e6 0344 | 8b42 2049 | c1e0 0348 
  0x0000017a8d2f63f4: 8b94 24e8 | 0100 008b | 5248 48c1 | e203 418b | 7814 48c1 | e703 483b | 074c 8bc2 | 488b d748 
  0x0000017a8d2f6414: 89b4 24f8 | 0100 000f 

  0x0000017a8d2f641c: ;   {optimized virtual_call}
  0x0000017a8d2f641c: 1f40 00e8 

  0x0000017a8d2f6420: ; ImmutableOopMap {[504]=Oop }
                      ;*invokevirtual writeIfNeeded {reexecute=0 rethrow=0 return_oop=0}
                      ; - com.sun.tools.javac.jvm.PoolWriter::putMember@5 (line 126)
                      ; - com.sun.tools.javac.jvm.PoolWriter$WriteablePoolHelper::writeConstant@580 (line 438)
  0x0000017a8d2f6420: 3c30 0800 

  0x0000017a8d2f6424: ;   {other}
  0x0000017a8d2f6424: 0f1f 8400 | 941c 0042 | 488b b424 | f801 0000 

  0x0000017a8d2f6434: ; implicit exception: dispatches to 0x0000017a8d2f7090
  0x0000017a8d2f6434: 483b 064c | 8bc0 488b 

  0x0000017a8d2f643c: ;   {optimized virtual_call}
  0x0000017a8d2f643c: d666 90e8 

  0x0000017a8d2f6440: ; ImmutableOopMap {}
                      ;*invokevirtual appendChar {reexecute=0 rethrow=0 return_oop=0}
                      ; - com.sun.tools.javac.jvm.PoolWriter$WriteablePoolHelper::writeConstant@583 (line 438)
  0x0000017a8d2f6440: 1ccf 0600 

  0x0000017a8d2f6444: ;   {other}
  0x0000017a8d2f6444: 0f1f 8400 | b41c 0043 | 4881 c450 | 0200 005d 

  0x0000017a8d2f6454: ;   {poll_return}
  0x0000017a8d2f6454: 493b a750 | 0400 000f | 8734 0c00 | 00c3 4c8b | 8424 b000 | 0000 488b | 9424 b800 | 0000 8b72 
  0x0000017a8d2f6474: 2048 c1e6 | 038b 7610 | 48c1 e603 | 4d85 c00f | 8429 0000 

  0x0000017a8d2f6488: ;   {metadata('com/sun/tools/javac/jvm/PoolConstant$LoadableConstant$BasicConstant')}
  0x0000017a8d2f6488: 0048 b800 | ab49 a67a | 0100 0041 | 8b78 0849 | ba00 0000 | a57a 0100 | 0049 03fa | 483b c70f 
  0x0000017a8d2f64a8: 8503 0c00 | 00e9 0000 | 0000 458b | 4010 49c1 | e003 4d85 | c00f 8429 

  0x0000017a8d2f64c0: ;   {metadata('java/lang/String')}
  0x0000017a8d2f64c0: 0000 0048 | b878 e800 | a57a 0100 | 0041 8b78 | 0849 ba00 | 0000 a57a | 0100 0049 | 03fa 483b 
  0x0000017a8d2f64e0: c70f 85d7 | 0b00 00e9 | 0000 0000 

  0x0000017a8d2f64ec: ; implicit exception: dispatches to 0x0000017a8d2f70c7
  0x0000017a8d2f64ec: 8bb6 6402 | 0000 48c1 | e603 483b | 0648 8bd6 

  0x0000017a8d2f64fc: ;   {optimized virtual_call}
  0x0000017a8d2f64fc: 6666 90e8 

  0x0000017a8d2f6500: ; ImmutableOopMap {[184]=Oop }
                      ;*invokevirtual fromString {reexecute=0 rethrow=0 return_oop=0}
                      ; - com.sun.tools.javac.util.Names::fromString@5 (line 447)
                      ; - com.sun.tools.javac.jvm.PoolWriter$WriteablePoolHelper::writeConstant@640 (line 448)
  0x0000017a8d2f6500: 2911 0000 

  0x0000017a8d2f6504: ;   {other}
  0x0000017a8d2f6504: 0f1f 8400 | 741d 0044 | 488b 9424 | b800 0000 | 8b72 1448 | c1e6 0348 | 3b06 448b | 8424 4801 
  0x0000017a8d2f6524: 0000 488b | d648 8984 | 2400 0200 | 0066 0f1f 

  0x0000017a8d2f6534: ;   {optimized virtual_call}
  0x0000017a8d2f6534: 4400 00e8 

  0x0000017a8d2f6538: ; ImmutableOopMap {[184]=Oop [512]=Oop }
                      ;*invokevirtual appendByte {reexecute=0 rethrow=0 return_oop=0}
                      ; - com.sun.tools.javac.jvm.PoolWriter$WriteablePoolHelper::writeConstant@649 (line 449)
  0x0000017a8d2f6538: 24c6 0600 

  0x0000017a8d2f653c: ;   {other}
  0x0000017a8d2f653c: 0f1f 8400 | ac1d 0045 | 488b 9424 | b800 0000 | 8b72 1448 | c1e6 0344 | 8b42 2049 | c1e0 0341 
  0x0000017a8d2f655c: 8b50 1448 | c1e2 0348 | 3b02 4c8b | 8424 0002 | 0000 4889 | b424 0802 

  0x0000017a8d2f6574: ;   {optimized virtual_call}
  0x0000017a8d2f6574: 0000 90e8 

  0x0000017a8d2f6578: ; ImmutableOopMap {[520]=Oop }
                      ;*invokevirtual writeIfNeeded {reexecute=0 rethrow=0 return_oop=0}
                      ; - com.sun.tools.javac.jvm.PoolWriter::putName@5 (line 197)
                      ; - com.sun.tools.javac.jvm.PoolWriter$WriteablePoolHelper::writeConstant@661 (line 450)
  0x0000017a8d2f6578: e42e 0800 

  0x0000017a8d2f657c: ;   {other}
  0x0000017a8d2f657c: 0f1f 8400 | ec1d 0046 | 488b b424 | 0802 0000 

  0x0000017a8d2f658c: ; implicit exception: dispatches to 0x0000017a8d2f70e0
  0x0000017a8d2f658c: 483b 064c | 8bc0 488b 

  0x0000017a8d2f6594: ;   {optimized virtual_call}
  0x0000017a8d2f6594: d666 90e8 

  0x0000017a8d2f6598: ; ImmutableOopMap {}
                      ;*invokevirtual appendChar {reexecute=0 rethrow=0 return_oop=0}
                      ; - com.sun.tools.javac.jvm.PoolWriter$WriteablePoolHelper::writeConstant@664 (line 450)
  0x0000017a8d2f6598: c4cd 0600 

  0x0000017a8d2f659c: ;   {other}
  0x0000017a8d2f659c: 0f1f 8400 | 0c1e 0047 | 4881 c450 | 0200 005d 

  0x0000017a8d2f65ac: ;   {poll_return}
  0x0000017a8d2f65ac: 493b a750 | 0400 000f | 872c 0b00 | 00c3 488b | 9424 b800 | 0000 8b72 | 0cff c689 | 720c 8b72 
  0x0000017a8d2f65cc: 1448 c1e6 | 0348 3b06 | 448b 8424 | 4801 0000 

  0x0000017a8d2f65dc: ;   {optimized virtual_call}
  0x0000017a8d2f65dc: 488b d6e8 

  0x0000017a8d2f65e0: ; ImmutableOopMap {[176]=Oop [184]=Oop }
                      ;*invokevirtual appendByte {reexecute=0 rethrow=0 return_oop=0}
                      ; - com.sun.tools.javac.jvm.PoolWriter$WriteablePoolHelper::writeConstant@518 (line 431)
  0x0000017a8d2f65e0: 9c84 5107 

  0x0000017a8d2f65e4: ;   {other}
  0x0000017a8d2f65e4: 0f1f 8400 | 541e 0048 | 488b 9424 | b800 0000 | 8b52 1448 | c1e2 034c | 8b84 24b0 | 0000 004d 
  0x0000017a8d2f6604: 85c0 0f84 | 2900 0000 

  0x0000017a8d2f660c: ;   {metadata('com/sun/tools/javac/jvm/PoolConstant$LoadableConstant$BasicConstant')}
  0x0000017a8d2f660c: 48b8 00ab | 49a6 7a01 | 0000 418b | 7808 49ba | 0000 00a5 | 7a01 0000 | 4903 fa48 | 3bc7 0f85 
  0x0000017a8d2f662c: d00a 0000 | e900 0000 | 0049 8bf0 

  0x0000017a8d2f6638: ; implicit exception: dispatches to 0x0000017a8d2f7109
  0x0000017a8d2f6638: 8b76 1048 | c1e6 0348 | 85f6 0f84 | 2800 0000 

  0x0000017a8d2f6648: ;   {metadata('java/lang/Double')}
  0x0000017a8d2f6648: 48b8 b82a | 03a5 7a01 | 0000 8b7e | 0849 ba00 | 0000 a57a | 0100 0049 | 03fa 483b | c70f 85a3 
  0x0000017a8d2f6668: 0a00 00e9 | 0000 0000 

  0x0000017a8d2f6670: ; implicit exception: dispatches to 0x0000017a8d2f7117
  0x0000017a8d2f6670: c5fb 1046 | 1048 3b02 | 0f1f 8000 

  0x0000017a8d2f667c: ;   {optimized virtual_call}
  0x0000017a8d2f667c: 0000 00e8 

  0x0000017a8d2f6680: ; ImmutableOopMap {}
                      ;*invokevirtual appendDouble {reexecute=0 rethrow=0 return_oop=0}
                      ; - com.sun.tools.javac.jvm.PoolWriter$WriteablePoolHelper::writeConstant@538 (line 432)
  0x0000017a8d2f6680: fc83 5107 

  0x0000017a8d2f6684: ;   {other}
  0x0000017a8d2f6684: 0f1f 8400 | f41e 0049 | 4881 c450 | 0200 005d 

  0x0000017a8d2f6694: ;   {poll_return}
  0x0000017a8d2f6694: 493b a750 | 0400 000f | 8780 0a00 | 00c3 488b | 9424 b800 | 0000 8b72 | 0cff c689 | 720c 8b72 
  0x0000017a8d2f66b4: 1448 c1e6 | 0348 3b06 | 448b 8424 | 4801 0000 

  0x0000017a8d2f66c4: ;   {optimized virtual_call}
  0x0000017a8d2f66c4: 488b d6e8 

  0x0000017a8d2f66c8: ; ImmutableOopMap {[176]=Oop [184]=Oop }
                      ;*invokevirtual appendByte {reexecute=0 rethrow=0 return_oop=0}
                      ; - com.sun.tools.javac.jvm.PoolWriter$WriteablePoolHelper::writeConstant@477 (line 426)
  0x0000017a8d2f66c8: b483 5107 

  0x0000017a8d2f66cc: ;   {other}
  0x0000017a8d2f66cc: 0f1f 8400 | 3c1f 004a | 488b 9424 | b800 0000 | 8b52 1448 | c1e2 034c | 8b84 24b0 | 0000 004d 
  0x0000017a8d2f66ec: 85c0 0f84 | 2900 0000 

  0x0000017a8d2f66f4: ;   {metadata('com/sun/tools/javac/jvm/PoolConstant$LoadableConstant$BasicConstant')}
  0x0000017a8d2f66f4: 48bb 00ab | 49a6 7a01 | 0000 418b | 7008 49ba | 0000 00a5 | 7a01 0000 | 4903 f248 | 3bde 0f85 
  0x0000017a8d2f6714: 240a 0000 | e900 0000 | 0045 8b40 | 1049 c1e0 | 034d 85c0 | 0f84 2900 

  0x0000017a8d2f672c: ;   {metadata('java/lang/Long')}
  0x0000017a8d2f672c: 0000 48bb | 8867 03a5 | 7a01 0000 | 418b 7008 | 49ba 0000 | 00a5 7a01 | 0000 4903 | f248 3bde 
  0x0000017a8d2f674c: 0f85 f809 | 0000 e900 | 0000 0049 | 8b70 1048 | 3b02 4c8b | c666 0f1f 

  0x0000017a8d2f6764: ;   {optimized virtual_call}
  0x0000017a8d2f6764: 4400 00e8 

  0x0000017a8d2f6768: ; ImmutableOopMap {}
                      ;*invokevirtual appendLong {reexecute=0 rethrow=0 return_oop=0}
                      ; - com.sun.tools.javac.jvm.PoolWriter$WriteablePoolHelper::writeConstant@497 (line 427)
  0x0000017a8d2f6768: 1483 5107 

  0x0000017a8d2f676c: ;   {other}
  0x0000017a8d2f676c: 0f1f 8400 | dc1f 004b | 4881 c450 | 0200 005d 

  0x0000017a8d2f677c: ;   {poll_return}
  0x0000017a8d2f677c: 493b a750 | 0400 000f | 87d4 0900 | 00c3 488b | 9424 b800 | 0000 8b72 | 1448 c1e6 | 0348 3b06 
  0x0000017a8d2f679c: 448b 8424 | 4801 0000 

  0x0000017a8d2f67a4: ;   {optimized virtual_call}
  0x0000017a8d2f67a4: 488b d6e8 

  0x0000017a8d2f67a8: ; ImmutableOopMap {[176]=Oop [184]=Oop }
                      ;*invokevirtual appendByte {reexecute=0 rethrow=0 return_oop=0}
                      ; - com.sun.tools.javac.jvm.PoolWriter$WriteablePoolHelper::writeConstant@436 (line 421)
  0x0000017a8d2f67a8: d482 5107 

  0x0000017a8d2f67ac: ;   {other}
  0x0000017a8d2f67ac: 0f1f 8400 | 1c20 004c | 488b 9424 | b800 0000 | 8b52 1448 | c1e2 034c | 8b84 24b0 | 0000 004d 
  0x0000017a8d2f67cc: 85c0 0f84 | 2900 0000 

  0x0000017a8d2f67d4: ;   {metadata('com/sun/tools/javac/jvm/PoolConstant$LoadableConstant$BasicConstant')}
  0x0000017a8d2f67d4: 48b8 00ab | 49a6 7a01 | 0000 418b | 7808 49ba | 0000 00a5 | 7a01 0000 | 4903 fa48 | 3bc7 0f85 
  0x0000017a8d2f67f4: 8009 0000 | e900 0000 | 0049 8bf0 

  0x0000017a8d2f6800: ; implicit exception: dispatches to 0x0000017a8d2f7181
  0x0000017a8d2f6800: 8b76 1048 | c1e6 0348 | 85f6 0f84 | 2800 0000 

  0x0000017a8d2f6810: ;   {metadata('java/lang/Float')}
  0x0000017a8d2f6810: 48b8 5015 | 03a5 7a01 | 0000 8b7e | 0849 ba00 | 0000 a57a | 0100 0049 | 03fa 483b | c70f 8553 
  0x0000017a8d2f6830: 0900 00e9 | 0000 0000 

  0x0000017a8d2f6838: ; implicit exception: dispatches to 0x0000017a8d2f718f
  0x0000017a8d2f6838: c5fa 1046 | 0c48 3b02 | 0f1f 8000 

  0x0000017a8d2f6844: ;   {optimized virtual_call}
  0x0000017a8d2f6844: 0000 00e8 

  0x0000017a8d2f6848: ; ImmutableOopMap {}
                      ;*invokevirtual appendFloat {reexecute=0 rethrow=0 return_oop=0}
                      ; - com.sun.tools.javac.jvm.PoolWriter$WriteablePoolHelper::writeConstant@456 (line 422)
  0x0000017a8d2f6848: 3482 5107 

  0x0000017a8d2f684c: ;   {other}
  0x0000017a8d2f684c: 0f1f 8400 | bc20 004d | 4881 c450 | 0200 005d 

  0x0000017a8d2f685c: ;   {poll_return}
  0x0000017a8d2f685c: 493b a750 | 0400 000f | 8730 0900 | 00c3 488b | 9424 b800 | 0000 8b72 | 1448 c1e6 | 0348 3b06 
  0x0000017a8d2f687c: 448b 8424 | 4801 0000 

  0x0000017a8d2f6884: ;   {optimized virtual_call}
  0x0000017a8d2f6884: 488b d6e8 

  0x0000017a8d2f6888: ; ImmutableOopMap {[176]=Oop [184]=Oop }
                      ;*invokevirtual appendByte {reexecute=0 rethrow=0 return_oop=0}
                      ; - com.sun.tools.javac.jvm.PoolWriter$WriteablePoolHelper::writeConstant@405 (line 417)
  0x0000017a8d2f6888: d4c2 0600 

  0x0000017a8d2f688c: ;   {other}
  0x0000017a8d2f688c: 0f1f 8400 | fc20 004e | 488b 9424 | b800 0000 | 8b52 1448 | c1e2 034c | 8b84 24b0 | 1000 004d 
  0x0000017a8d2f68ac: 85c0 0f84 | 2900 0000 

  0x0000017a8d2f68b4: ;   {metadata('com/sun/tools/javac/jvm/PoolConstant$LoadableConstant$BasicConstant')}
  0x0000017a8d2f68b4: 48bb 00ab | 49a6 7a01 | 0000 418b | 7008 49ba | 0000 00a5 | 7a01 0000 | 4903 f248 | 3bde 0f85 
  0x0000017a8d2f68d4: dc08 0000 | e900 0000 | 0045 8b40 | 1049 c1e0 | 034d 85c0 | 0f84 2900 

  0x0000017a8d2f68ec: ;   {metadata('java/lang/Integer')}
  0x0000017a8d2f68ec: 0000 48bb | d85f 02a5 | 7a01 0000 | 418b 7008 | 49ba 0000 | 00a5 7a01 | 0000 4903 | f248 3bde 
  0x0000017a8d2f690c: 0f85 b008 | 0000 e900 | 0000 0045 | 8b40 0c48 

  0x0000017a8d2f691c: ;   {optimized virtual_call}
  0x0000017a8d2f691c: 3b02 90e8 

  0x0000017a8d2f6920: ; ImmutableOopMap {}
                      ;*invokevirtual appendInt {reexecute=0 rethrow=0 return_oop=0}
                      ; - com.sun.tools.javac.jvm.PoolWriter$WriteablePoolHelper::writeConstant@425 (line 418)
  0x0000017a8d2f6920: 5c81 5107 

  0x0000017a8d2f6924: ;   {other}
  0x0000017a8d2f6924: 0f1f 8400 | 9421 004f | 4881 c450 | 0200 005d 

  0x0000017a8d2f6934: ;   {poll_return}
  0x0000017a8d2f6934: 493b a750 | 0400 000f | 8794 0800 | 00c3 660f | 1f44 0000 

  0x0000017a8d2f6948: ;   {no_reloc}
  0x0000017a8d2f6948: e9ad 0800 | 0000 0000 | 0000 80ba | 3101 0000 | 040f 85aa | 0800 0049 | 8b87 b801 | 0000 488d 
  0x0000017a8d2f6968: 7828 493b | bfc8 0100 | 000f 8792 | 0800 0049 | 89bf b801 | 0000 48c7 | 0001 0000 | 0048 8bca 
  0x0000017a8d2f6988: 49ba 0000 | 00a5 7a01 | 0000 492b | ca89 4808 | 4833 c989 | 480c 4833 | c948 8948 | 1048 8948 
  0x0000017a8d2f69a8: 1848 8948 | 2066 6690 

  0x0000017a8d2f69b0: ;   {no_reloc}
  0x0000017a8d2f69b0: e970 0800 | 0000 0000 | 0000 4889 | 8424 1802 | 0000 498b | 87b8 0100 | 0048 8d78 | 1849 3bbf 
  0x0000017a8d2f69d0: c801 0000 | 0f87 5508 | 0000 4989 | bfb8 0100 | 0048 c700 | 0100 0000 | 488b ca49 | ba00 0000 
  0x0000017a8d2f69f0: a57a 0100 | 0049 2bca | 8948 0848 | 33c9 8948 | 0c48 33c9 | 4889 4810 | 41b8 1000 | 0000 488b 
  0x0000017a8d2f6a10: d048 8984 | 2410 0200 | 0066 0f1f 

  0x0000017a8d2f6a1c: ;   {optimized virtual_call}
  0x0000017a8d2f6a1c: 4400 00e8 

  0x0000017a8d2f6a20: ; ImmutableOopMap {[528]=Oop [536]=Oop }
                      ;*invokespecial <init> {reexecute=0 rethrow=0 return_oop=0}
                      ; - java.lang.StringBuilder::<init>@3 (line 106)
                      ; - com.sun.tools.javac.jvm.PoolWriter$WriteablePoolHelper::writeConstant@822 (line 475)
  0x0000017a8d2f6a20: 5c80 5107 

  0x0000017a8d2f6a24: ;   {other}
  0x0000017a8d2f6a24: 0f1f 8400 | 9422 0050 

  0x0000017a8d2f6a2c: ;   {oop("Unexpected constant tag: "{0x0000000711189bf8})}
  0x0000017a8d2f6a2c: 49b8 f89b | 1811 0700 | 0000 488b | 9424 1002 

  0x0000017a8d2f6a3c: ;   {optimized virtual_call}
  0x0000017a8d2f6a3c: 0000 90e8 

  0x0000017a8d2f6a40: ; ImmutableOopMap {[528]=Oop [536]=Oop }
                      ;*invokespecial append {reexecute=0 rethrow=0 return_oop=0}
                      ; - java.lang.StringBuilder::append@2 (line 179)
                      ; - com.sun.tools.javac.jvm.PoolWriter$WriteablePoolHelper::writeConstant@828 (line 475)
  0x0000017a8d2f6a40: 3c80 5107 

  0x0000017a8d2f6a44: ;   {other}
  0x0000017a8d2f6a44: 0f1f 8400 | b422 0051 | 448b 8424 | 4801 0000 | 488b 9424 | 1002 0000 

  0x0000017a8d2f6a5c: ;   {optimized virtual_call}
  0x0000017a8d2f6a5c: 6666 90e8 

  0x0000017a8d2f6a60: ; ImmutableOopMap {[528]=Oop [536]=Oop }
                      ;*invokespecial append {reexecute=0 rethrow=0 return_oop=0}
                      ; - java.lang.StringBuilder::append@2 (line 253)
                      ; - com.sun.tools.javac.jvm.PoolWriter$WriteablePoolHelper::writeConstant@832 (line 475)
  0x0000017a8d2f6a60: 1c80 5107 

  0x0000017a8d2f6a64: ;   {other}
  0x0000017a8d2f6a64: 0f1f 8400 | d422 0052 

  0x0000017a8d2f6a6c: ;   {metadata('java/lang/String')}
  0x0000017a8d2f6a6c: 48ba 78e8 | 00a5 7a01 | 0000 498b | 87b8 0100 | 0048 8d78 | 1849 3bbf | c801 0000 | 0f87 ae07 
  0x0000017a8d2f6a8c: 0000 4989 | bfb8 0100 | 0048 c700 | 0100 0000 | 488b ca49 | ba00 0000 | a57a 0100 | 0049 2bca 
  0x0000017a8d2f6aac: 8948 0848 | 33c9 8948 | 0c48 33c9 | 4889 4810 | 4c8b 8424 | 1002 0000 

  0x0000017a8d2f6ac4: ;   {oop(nullptr)}
  0x0000017a8d2f6ac4: 49b9 0000 | 0000 0000 | 0000 488b | d048 8984 | 2420 0200 | 0066 0f1f 

  0x0000017a8d2f6adc: ;   {optimized virtual_call}
  0x0000017a8d2f6adc: 4400 00e8 

  0x0000017a8d2f6ae0: ; ImmutableOopMap {[536]=Oop [544]=Oop }
                      ;*invokespecial <init> {reexecute=0 rethrow=0 return_oop=0}
                      ; - java.lang.String::<init>@3 (line 1496)
                      ; - java.lang.StringBuilder::toString@5 (line 475)
                      ; - com.sun.tools.javac.jvm.PoolWriter$WriteablePoolHelper::writeConstant@835 (line 475)
  0x0000017a8d2f6ae0: 9c7f 5107 

  0x0000017a8d2f6ae4: ;   {other}
  0x0000017a8d2f6ae4: 0f1f 8400 | 5423 0053 | 4c8b 8424 | 2002 0000 | 488b 9424 | 1802 0000 

  0x0000017a8d2f6afc: ;   {optimized virtual_call}
  0x0000017a8d2f6afc: 6666 90e8 

  0x0000017a8d2f6b00: ; ImmutableOopMap {[536]=Oop }
                      ;*invokespecial <init> {reexecute=0 rethrow=0 return_oop=0}
                      ; - com.sun.tools.javac.jvm.PoolWriter$WriteablePoolHelper::writeConstant@838 (line 475)
  0x0000017a8d2f6b00: 7c7f 5107 

  0x0000017a8d2f6b04: ;   {other}
  0x0000017a8d2f6b04: 0f1f 8400 | 7423 0054 | 488b 8424 | 1802 0000 | e9ce 0700 | 0049 8b87 | 0005 0000 | 4d33 d24d 
  0x0000017a8d2f6b24: 8997 0005 | 0000 4d33 | d24d 8997 | 0805 0000 | 4c8b c090 

  0x0000017a8d2f6b38: ;   {no_reloc}
  0x0000017a8d2f6b38: e91b 0700 | 0000 0000 | 0000 80ba | 3101 0000 | 040f 8518 | 0700 0049 | 8b87 b801 | 0000 488d 
  0x0000017a8d2f6b58: 7828 493b | bfc8 0100 | 000f 8700 | 0700 0049 | 89bf b801 | 0000 48c7 | 0001 0000 | 0048 8bca 
  0x0000017a8d2f6b78: 49ba 0000 | 00a5 7a01 | 0000 492b | ca89 4808 | 4833 c989 | 480c 4833 | c948 8948 | 1048 8948 
  0x0000017a8d2f6b98: 1848 8948 | 2048 8bd0 | 4889 8424 | 2802 0000 | 0f1f 8000 

  0x0000017a8d2f6bac: ;   {optimized virtual_call}
  0x0000017a8d2f6bac: 0000 00e8 

  0x0000017a8d2f6bb0: ; ImmutableOopMap {[240]=Oop [248]=Oop [552]=Oop }
                      ;*invokespecial <init> {reexecute=0 rethrow=0 return_oop=0}
                      ; - com.sun.tools.javac.jvm.PoolWriter$SharedSignatureGenerator::toName@21 (line 331)
                      ; - com.sun.tools.javac.jvm.PoolWriter::typeSig@19 (line 498)
                      ; - com.sun.tools.javac.jvm.PoolWriter::putDescriptor@10 (line 140)
                      ; - com.sun.tools.javac.jvm.PoolWriter$WriteablePoolHelper::writeConstant@614 (line 444)
  0x0000017a8d2f6bb0: cc7e 5107 

  0x0000017a8d2f6bb4: ;   {other}
  0x0000017a8d2f6bb4: 0f1f 8400 | 2424 0055 | 488b 8424 | 2802 0000 | e91e 0700 | 0049 8b87 | 0005 0000 | 4d33 d24d 
  0x0000017a8d2f6bd4: 8997 0005 | 0000 4d33 | d24d 8997 | 0805 0000 | 4c8b c090 

  0x0000017a8d2f6be8: ;   {no_reloc}
  0x0000017a8d2f6be8: e996 0600 | 0000 0000 | 0000 80ba | 3101 0000 | 040f 8593 | 0600 0049 | 8b87 b801 | 0000 488d 
  0x0000017a8d2f6c08: 7828 493b | bfc8 0100 | 000f 877b | 0600 0049 | 89bf b801 | 0000 48c7 | 0001 0000 | 0048 8bca 
  0x0000017a8d2f6c28: 49ba 0000 | 00a5 7a01 | 0000 492b | ca89 4808 | 4833 c989 | 480c 4833 | c948 8948 | 1048 8948 
  0x0000017a8d2f6c48: 1848 8948 | 2048 8bd0 | 4889 8424 | 3002 0000 | 0f1f 8000 

  0x0000017a8d2f6c5c: ;   {optimized virtual_call}
  0x0000017a8d2f6c5c: 0000 00e8 

  0x0000017a8d2f6c60: ; ImmutableOopMap {[304]=Oop [312]=Oop [560]=Oop }
                      ;*invokespecial <init> {reexecute=0 rethrow=0 return_oop=0}
                      ; - com.sun.tools.javac.jvm.PoolWriter$SharedSignatureGenerator::toName@21 (line 331)
                      ; - com.sun.tools.javac.jvm.PoolWriter::typeSig@19 (line 498)
                      ; - com.sun.tools.javac.jvm.PoolWriter::putDescriptor@10 (line 140)
                      ; - com.sun.tools.javac.jvm.PoolWriter$WriteablePoolHelper::writeConstant@713 (line 457)
  0x0000017a8d2f6c60: 1c7e 5107 

  0x0000017a8d2f6c64: ;   {other}
  0x0000017a8d2f6c64: 0f1f 8400 | d424 0056 | 488b 8424 | 3002 0000 | e96e 0600 | 0049 8b87 | 0005 0000 | 4d33 d24d 
  0x0000017a8d2f6c84: 8997 0005 | 0000 4d33 | d24d 8997 | 0805 0000 | 4c8b c090 

  0x0000017a8d2f6c98: ;   {no_reloc}
  0x0000017a8d2f6c98: e911 0600 | 0000 0000 | 0000 80ba | 3101 0000 | 040f 850e | 0600 0049 | 8b87 b801 | 0000 488d 
  0x0000017a8d2f6cb8: 7828 493b | bfc8 0100 | 000f 87f6 | 0500 0049 | 89bf b801 | 0000 48c7 | 0001 0000 | 0048 8bca 
  0x0000017a8d2f6cd8: 49ba 0000 | 00a5 7a01 | 0000 492b | ca89 4808 | 4833 c989 | 480c 4833 | c948 8948 | 1048 8948 
  0x0000017a8d2f6cf8: 1848 8948 | 2048 8bd0 | 4889 8424 | 3802 0000 | 0f1f 8000 

  0x0000017a8d2f6d0c: ;   {optimized virtual_call}
  0x0000017a8d2f6d0c: 0000 00e8 

  0x0000017a8d2f6d10: ; ImmutableOopMap {[184]=Oop [320]=Oop [568]=Oop }
                      ;*invokespecial <init> {reexecute=0 rethrow=0 return_oop=0}
                      ; - com.sun.tools.javac.jvm.PoolWriter$SharedSignatureGenerator::toName@21 (line 331)
                      ; - com.sun.tools.javac.jvm.PoolWriter::typeSig@19 (line 498)
                      ; - com.sun.tools.javac.jvm.PoolWriter$WriteablePoolHelper::writeConstant@124 (line 372)
  0x0000017a8d2f6d10: 6c7d 5107 

  0x0000017a8d2f6d14: ;   {other}
  0x0000017a8d2f6d14: 0f1f 8400 | 8425 0057 | 488b 8424 | 3802 0000 | e9be 0500 

  0x0000017a8d2f6d28: ;   {metadata({method} {0x0000017ae7600d80} 'writeConstant' '(Lcom/sun/tools/javac/jvm/PoolConstant;)V' in 'com/sun/tools/javac/jvm/PoolWriter$WriteablePoolHelper')}
  0x0000017a8d2f6d28: 0049 ba78 | 0d60 e77a | 0100 004c | 8954 2408 | 48c7 0424 | ffff ffff 

  0x0000017a8d2f6d40: ;   {runtime_call counter_overflow Runtime1 stub}
  0x0000017a8d2f6d40: e8bb a85d 

  0x0000017a8d2f6d44: ; ImmutableOopMap {rdx=Oop r8=Oop [176]=Oop [184]=Oop }
                      ;*synchronization entry
                      ; - com.sun.tools.javac.jvm.PoolWriter$WriteablePoolHelper::writeConstant@-1 (line 367)
  0x0000017a8d2f6d44: 07e9 26e3 | ffff 4c89 

  0x0000017a8d2f6d4c: ;   {runtime_call throw_class_cast_exception Runtime1 stub}
  0x0000017a8d2f6d4c: 0424 e8ad 

  0x0000017a8d2f6d50: ; ImmutableOopMap {rdx=Oop [184]=Oop }
                      ;*checkcast {reexecute=0 rethrow=0 return_oop=0}
                      ; - com.sun.tools.javac.jvm.PoolWriter$WriteablePoolHelper::writeConstant@267 (line 396)
                      ;   {runtime_call throw_null_pointer_exception Runtime1 stub}
  0x0000017a8d2f6d50: 775d 07e8 

  0x0000017a8d2f6d54: ; ImmutableOopMap {rdx=Oop rsi=Oop rdi=Oop [184]=Oop [192]=Oop }
                      ;*invokevirtual appendByte {reexecute=0 rethrow=0 return_oop=0}
                      ; - com.sun.tools.javac.jvm.PoolWriter$WriteablePoolHelper::writeConstant@276 (line 397)
  0x0000017a8d2f6d54: a84f 5d07 

  0x0000017a8d2f6d58: ;   {runtime_call throw_null_pointer_exception Runtime1 stub}
  0x0000017a8d2f6d58: e8a3 4f5d 

  0x0000017a8d2f6d5c: ; ImmutableOopMap {rdx=Oop rsi=Oop r8=Oop rdi=Oop [184]=Oop [192]=Oop [224]=Oop }
                      ;*getfield owner {reexecute=1 rethrow=0 return_oop=0}
                      ; - (reexecute) com.sun.tools.javac.jvm.PoolWriter$WriteablePoolHelper::writeConstant@288 (line 398)
  0x0000017a8d2f6d5c: 0748 891c 

  0x0000017a8d2f6d60: ;   {runtime_call throw_class_cast_exception Runtime1 stub}
  0x0000017a8d2f6d60: 24e8 9a77 

  0x0000017a8d2f6d64: ; ImmutableOopMap {rdx=Oop rsi=Oop r8=Oop rdi=Oop [184]=Oop [192]=Oop [224]=Oop }
                      ;*checkcast {reexecute=0 rethrow=0 return_oop=0}
                      ; - com.sun.tools.javac.jvm.PoolWriter$WriteablePoolHelper::writeConstant@291 (line 398)
                      ;   {runtime_call throw_null_pointer_exception Runtime1 stub}
  0x0000017a8d2f6d64: 5d07 e895 

  0x0000017a8d2f6d68: ; ImmutableOopMap {rdx=Oop rsi=Oop r8=Oop rdi=Oop rbx=Oop [184]=Oop [192]=Oop [224]=Oop }
                      ;*invokevirtual putClass {reexecute=0 rethrow=0 return_oop=0}
                      ; - com.sun.tools.javac.jvm.PoolWriter$WriteablePoolHelper::writeConstant@294 (line 398)
                      ;   {runtime_call throw_null_pointer_exception Runtime1 stub}
  0x0000017a8d2f6d68: 4f5d 07e8 

  0x0000017a8d2f6d6c: ; ImmutableOopMap {rdx=Oop rsi=Oop r8=Oop rdi=Oop [184]=Oop [192]=Oop [224]=Oop }
                      ;*getfield type {reexecute=1 rethrow=0 return_oop=0}
                      ; - (reexecute) com.sun.tools.javac.jvm.PoolWriter::putClass@2 (line 111)
                      ; - com.sun.tools.javac.jvm.PoolWriter$WriteablePoolHelper::writeConstant@294 (line 398)
  0x0000017a8d2f6d6c: 904f 5d07 

  0x0000017a8d2f6d70: ;   {runtime_call throw_null_pointer_exception Runtime1 stub}
  0x0000017a8d2f6d70: e88b 4f5d 

  0x0000017a8d2f6d74: ; ImmutableOopMap {rdx=Oop rsi=Oop rdi=Oop rbx=Oop rax=Oop rcx=Oop [184]=Oop [192]=Oop [224]=Oop }
                      ;*invokevirtual erasure {reexecute=0 rethrow=0 return_oop=0}
                      ; - com.sun.tools.javac.jvm.PoolWriter::putClass@9 (line 119)
                      ; - com.sun.tools.javac.jvm.PoolWriter::putClass@5 (line 111)
                      ; - com.sun.tools.javac.jvm.PoolWriter$WriteablePoolHelper::writeConstant@294 (line 398)
  0x0000017a8d2f6d74: 074c 8904 

  0x0000017a8d2f6d78: ;   {runtime_call throw_class_cast_exception Runtime1 stub}
  0x0000017a8d2f6d78: 24e8 8277 

  0x0000017a8d2f6d7c: ; ImmutableOopMap {rdx=Oop [184]=Oop }
                      ;*checkcast {reexecute=0 rethrow=0 return_oop=0}
                      ; - com.sun.tools.javac.jvm.PoolWriter$WriteablePoolHelper::writeConstant@590 (line 442)
                      ;   {runtime_call throw_null_pointer_exception Runtime1 stub}
  0x0000017a8d2f6d7c: 5d07 e87d 

  0x0000017a8d2f6d80: ; ImmutableOopMap {rdx=Oop rsi=Oop rdi=Oop [184]=Oop }
                      ;*invokevirtual appendByte {reexecute=0 rethrow=0 return_oop=0}
                      ; - com.sun.tools.javac.jvm.PoolWriter$WriteablePoolHelper::writeConstant@599 (line 443)
                      ;   {runtime_call throw_null_pointer_exception Runtime1 stub}
  0x0000017a8d2f6d80: 4f5d 07e8 

  0x0000017a8d2f6d84: ; ImmutableOopMap {rax=Oop rdi=Oop [240]=Oop [248]=Oop }
                      ;*invokevirtual putDescriptor {reexecute=0 rethrow=0 return_oop=0}
                      ; - com.sun.tools.javac.jvm.PoolWriter$WriteablePoolHelper::writeConstant@614 (line 444)
  0x0000017a8d2f6d84: 784f 5d07 

  0x0000017a8d2f6d88: ;   {runtime_call throw_null_pointer_exception Runtime1 stub}
  0x0000017a8d2f6d88: e873 4f5d 

  0x0000017a8d2f6d8c: ; ImmutableOopMap {rax=Oop rdi=Oop rsi=Oop [240]=Oop [248]=Oop }
                      ;*invokevirtual erasure {reexecute=0 rethrow=0 return_oop=0}
                      ; - com.sun.tools.javac.jvm.PoolWriter::putDescriptor@7 (line 140)
                      ; - com.sun.tools.javac.jvm.PoolWriter$WriteablePoolHelper::writeConstant@614 (line 444)
                      ;   {runtime_call throw_null_pointer_exception Runtime1 stub}
  0x0000017a8d2f6d8c: 07e8 6e4f 

  0x0000017a8d2f6d90: ; ImmutableOopMap {rax=Oop r8=Oop [240]=Oop [248]=Oop }
                      ;*invokevirtual visit {reexecute=0 rethrow=0 return_oop=0}
                      ; - com.sun.tools.javac.code.Types::erasure@18 (line 2395)
                      ; - com.sun.tools.javac.code.Types::erasure@15 (line 2381)
                      ; - com.sun.tools.javac.jvm.PoolWriter::putDescriptor@7 (line 140)
                      ; - com.sun.tools.javac.jvm.PoolWriter$WriteablePoolHelper::writeConstant@614 (line 444)
  0x0000017a8d2f6d90: 5d07 4889 

  0x0000017a8d2f6d94: ;   {runtime_call throw_class_cast_exception Runtime1 stub}
  0x0000017a8d2f6d94: 0424 e865 

  0x0000017a8d2f6d98: ; ImmutableOopMap {[240]=Oop [248]=Oop }
                      ;*checkcast {reexecute=0 rethrow=0 return_oop=0}
                      ; - com.sun.tools.javac.code.Types::erasure@21 (line 2395)
                      ; - com.sun.tools.javac.code.Types::erasure@15 (line 2381)
                      ; - com.sun.tools.javac.jvm.PoolWriter::putDescriptor@7 (line 140)
                      ; - com.sun.tools.javac.jvm.PoolWriter$WriteablePoolHelper::writeConstant@614 (line 444)
  0x0000017a8d2f6d98: 775d 074c 

  0x0000017a8d2f6d9c: ;   {runtime_call throw_class_cast_exception Runtime1 stub}
  0x0000017a8d2f6d9c: 8904 24e8 

  0x0000017a8d2f6da0: ; ImmutableOopMap {rdx=Oop [184]=Oop }
                      ;*checkcast {reexecute=0 rethrow=0 return_oop=0}
                      ; - com.sun.tools.javac.jvm.PoolWriter$WriteablePoolHelper::writeConstant@671 (line 454)
  0x0000017a8d2f6da0: 5c77 5d07 

  0x0000017a8d2f6da4: ;   {runtime_call throw_null_pointer_exception Runtime1 stub}
  0x0000017a8d2f6da4: e857 4f5d 

  0x0000017a8d2f6da8: ; ImmutableOopMap {rdx=Oop rsi=Oop rdi=Oop [184]=Oop [272]=Oop }
                      ;*invokevirtual appendByte {reexecute=0 rethrow=0 return_oop=0}
                      ; - com.sun.tools.javac.jvm.PoolWriter$WriteablePoolHelper::writeConstant@680 (line 455)
                      ;   {runtime_call throw_null_pointer_exception Runtime1 stub}
  0x0000017a8d2f6da8: 07e8 524f 

  0x0000017a8d2f6dac: ; ImmutableOopMap {rdx=Oop rsi=Oop r8=Oop rdi=Oop [184]=Oop [272]=Oop }
                      ;*getfield name {reexecute=1 rethrow=0 return_oop=0}
                      ; - (reexecute) com.sun.tools.javac.jvm.PoolWriter$WriteablePoolHelper::writeConstant@692 (line 456)
                      ;   {runtime_call throw_null_pointer_exception Runtime1 stub}
  0x0000017a8d2f6dac: 5d07 e84d 

  0x0000017a8d2f6db0: ; ImmutableOopMap {rdx=Oop rsi=Oop rdi=Oop rbx=Oop [184]=Oop [272]=Oop }
                      ;*invokevirtual putName {reexecute=0 rethrow=0 return_oop=0}
                      ; - com.sun.tools.javac.jvm.PoolWriter$WriteablePoolHelper::writeConstant@695 (line 456)
                      ;   {runtime_call throw_null_pointer_exception Runtime1 stub}
  0x0000017a8d2f6db0: 4f5d 07e8 

  0x0000017a8d2f6db4: ; ImmutableOopMap {rdx=Oop rsi=Oop rdi=Oop rbx=Oop rax=Oop [184]=Oop [272]=Oop }
                      ;*invokevirtual writeIfNeeded {reexecute=0 rethrow=0 return_oop=0}
                      ; - com.sun.tools.javac.jvm.PoolWriter::putName@5 (line 197)
                      ; - com.sun.tools.javac.jvm.PoolWriter$WriteablePoolHelper::writeConstant@695 (line 456)
  0x0000017a8d2f6db4: 484f 5d07 

  0x0000017a8d2f6db8: ;   {runtime_call throw_null_pointer_exception Runtime1 stub}
  0x0000017a8d2f6db8: e843 4f5d 

  0x0000017a8d2f6dbc: ; ImmutableOopMap {rsi=Oop [184]=Oop [272]=Oop }
                      ;*invokevirtual appendChar {reexecute=0 rethrow=0 return_oop=0}
                      ; - com.sun.tools.javac.jvm.PoolWriter$WriteablePoolHelper::writeConstant@698 (line 456)
                      ;   {runtime_call throw_null_pointer_exception Runtime1 stub}
  0x0000017a8d2f6dbc: 07e8 3e4f 

  0x0000017a8d2f6dc0: ; ImmutableOopMap {rsi=Oop rdi=Oop rbx=Oop [304]=Oop [312]=Oop }
                      ;*invokevirtual putDescriptor {reexecute=0 rethrow=0 return_oop=0}
                      ; - com.sun.tools.javac.jvm.PoolWriter$WriteablePoolHelper::writeConstant@713 (line 457)
                      ;   {runtime_call throw_null_pointer_exception Runtime1 stub}
  0x0000017a8d2f6dc0: 5d07 e839 

  0x0000017a8d2f6dc4: ; ImmutableOopMap {rsi=Oop rdi=Oop rbx=Oop rax=Oop [304]=Oop [312]=Oop }
                      ;*invokevirtual erasure {reexecute=0 rethrow=0 return_oop=0}
                      ; - com.sun.tools.javac.jvm.PoolWriter::putDescriptor@7 (line 140)
                      ; - com.sun.tools.javac.jvm.PoolWriter$WriteablePoolHelper::writeConstant@713 (line 457)
                      ;   {runtime_call throw_null_pointer_exception Runtime1 stub}
  0x0000017a8d2f6dc4: 4f5d 07e8 

  0x0000017a8d2f6dc8: ; ImmutableOopMap {rbx=Oop r8=Oop [304]=Oop [312]=Oop }
                      ;*invokevirtual visit {reexecute=0 rethrow=0 return_oop=0}
                      ; - com.sun.tools.javac.code.Types::erasure@18 (line 2395)
                      ; - com.sun.tools.javac.code.Types::erasure@15 (line 2381)
                      ; - com.sun.tools.javac.jvm.PoolWriter::putDescriptor@7 (line 140)
                      ; - com.sun.tools.javac.jvm.PoolWriter$WriteablePoolHelper::writeConstant@713 (line 457)
  0x0000017a8d2f6dc8: 344f 5d07 | 4889 0424 

  0x0000017a8d2f6dd0: ;   {runtime_call throw_class_cast_exception Runtime1 stub}
  0x0000017a8d2f6dd0: e82b 775d 

  0x0000017a8d2f6dd4: ; ImmutableOopMap {[304]=Oop [312]=Oop }
                      ;*checkcast {reexecute=0 rethrow=0 return_oop=0}
                      ; - com.sun.tools.javac.code.Types::erasure@21 (line 2395)
                      ; - com.sun.tools.javac.code.Types::erasure@15 (line 2381)
                      ; - com.sun.tools.javac.jvm.PoolWriter::putDescriptor@7 (line 140)
                      ; - com.sun.tools.javac.jvm.PoolWriter$WriteablePoolHelper::writeConstant@713 (line 457)
  0x0000017a8d2f6dd4: 074c 8904 

  0x0000017a8d2f6dd8: ;   {runtime_call throw_class_cast_exception Runtime1 stub}
  0x0000017a8d2f6dd8: 24e8 2277 

  0x0000017a8d2f6ddc: ; ImmutableOopMap {[184]=Oop }
                      ;*checkcast {reexecute=0 rethrow=0 return_oop=0}
                      ; - com.sun.tools.javac.jvm.PoolWriter$WriteablePoolHelper::writeConstant@105 (line 370)
                      ;   {runtime_call throw_null_pointer_exception Runtime1 stub}
  0x0000017a8d2f6ddc: 5d07 e81d 

  0x0000017a8d2f6de0: ; ImmutableOopMap {rsi=Oop [184]=Oop [320]=Oop }
                      ;*invokevirtual hasTag {reexecute=0 rethrow=0 return_oop=0}
                      ; - com.sun.tools.javac.jvm.PoolWriter$WriteablePoolHelper::writeConstant@113 (line 371)
                      ;   {runtime_call throw_null_pointer_exception Runtime1 stub}
  0x0000017a8d2f6de0: 4f5d 07e8 

  0x0000017a8d2f6de4: ; ImmutableOopMap {rdx=Oop rsi=Oop [184]=Oop [320]=Oop }
                      ;*invokevirtual typeSig {reexecute=0 rethrow=0 return_oop=0}
                      ; - com.sun.tools.javac.jvm.PoolWriter$WriteablePoolHelper::writeConstant@124 (line 372)
  0x0000017a8d2f6de4: 184f 5d07 

  0x0000017a8d2f6de8: ;   {runtime_call throw_null_pointer_exception Runtime1 stub}
  0x0000017a8d2f6de8: e813 4f5d 

  0x0000017a8d2f6dec: ; ImmutableOopMap {rdx=Oop rsi=Oop rdi=Oop [184]=Oop [320]=Oop }
                      ;*invokevirtual reset {reexecute=0 rethrow=0 return_oop=0}
                      ; - com.sun.tools.javac.jvm.PoolWriter::typeSig@4 (line 496)
                      ; - com.sun.tools.javac.jvm.PoolWriter$WriteablePoolHelper::writeConstant@124 (line 372)
                      ;   {runtime_call throw_null_pointer_exception Runtime1 stub}
  0x0000017a8d2f6dec: 07e8 0e4f 

  0x0000017a8d2f6df0: ; ImmutableOopMap {rdx=Oop rsi=Oop rdi=Oop [184]=Oop [320]=Oop }
                      ;*invokevirtual reset {reexecute=0 rethrow=0 return_oop=0}
                      ; - com.sun.tools.javac.jvm.PoolWriter$SharedSignatureGenerator::reset@4 (line 324)
                      ; - com.sun.tools.javac.jvm.PoolWriter::typeSig@4 (line 496)
                      ; - com.sun.tools.javac.jvm.PoolWriter$WriteablePoolHelper::writeConstant@124 (line 372)
                      ;   {runtime_call throw_null_pointer_exception Runtime1 stub}
  0x0000017a8d2f6df0: 5d07 e809 

  0x0000017a8d2f6df4: ; ImmutableOopMap {r8=Oop [184]=Oop [320]=Oop }
                      ;*invokevirtual toName {reexecute=0 rethrow=0 return_oop=0}
                      ; - com.sun.tools.javac.jvm.PoolWriter::typeSig@19 (line 498)
                      ; - com.sun.tools.javac.jvm.PoolWriter$WriteablePoolHelper::writeConstant@124 (line 372)
                      ;   {runtime_call throw_null_pointer_exception Runtime1 stub}
  0x0000017a8d2f6df4: 4f5d 07e8 

  0x0000017a8d2f6df8: ; ImmutableOopMap {rdx=Oop [184]=Oop [320]=Oop }
                      ;*getfield names {reexecute=1 rethrow=0 return_oop=0}
                      ; - (reexecute) com.sun.tools.javac.jvm.PoolWriter$SharedSignatureGenerator::toName@8 (line 329)
                      ; - com.sun.tools.javac.jvm.PoolWriter::typeSig@19 (line 498)
                      ; - com.sun.tools.javac.jvm.PoolWriter$WriteablePoolHelper::writeConstant@124 (line 372)
  0x0000017a8d2f6df8: 044f 5d07 

  0x0000017a8d2f6dfc: ;   {runtime_call throw_null_pointer_exception Runtime1 stub}
  0x0000017a8d2f6dfc: e8ff 4e5d 

  0x0000017a8d2f6e00: ; ImmutableOopMap {rdx=Oop r8=Oop [184]=Oop [320]=Oop }
                      ;*invokevirtual toName {reexecute=0 rethrow=0 return_oop=0}
                      ; - com.sun.tools.javac.jvm.PoolWriter$SharedSignatureGenerator::toName@11 (line 329)
                      ; - com.sun.tools.javac.jvm.PoolWriter::typeSig@19 (line 498)
                      ; - com.sun.tools.javac.jvm.PoolWriter$WriteablePoolHelper::writeConstant@124 (line 372)
                      ;   {runtime_call throw_null_pointer_exception Runtime1 stub}
  0x0000017a8d2f6e00: 07e8 fa4e 

  0x0000017a8d2f6e04: ; ImmutableOopMap {rax=Oop [184]=Oop [320]=Oop }
                      ;*getfield table {reexecute=1 rethrow=0 return_oop=0}
                      ; - (reexecute) com.sun.tools.javac.jvm.ClassFile::externalize@1 (line 180)
                      ; - com.sun.tools.javac.jvm.PoolWriter$WriteablePoolHelper::writeConstant@137 (line 373)
                      ;   {runtime_call throw_null_pointer_exception Runtime1 stub}
  0x0000017a8d2f6e04: 5d07 e8f5 

  0x0000017a8d2f6e08: ; ImmutableOopMap {rax=Oop [184]=Oop [320]=Oop }
                      ;*getfield names {reexecute=1 rethrow=0 return_oop=0}
                      ; - (reexecute) com.sun.tools.javac.jvm.ClassFile::externalize@4 (line 180)
                      ; - com.sun.tools.javac.jvm.PoolWriter$WriteablePoolHelper::writeConstant@137 (line 373)
                      ;   {runtime_call throw_null_pointer_exception Runtime1 stub}
  0x0000017a8d2f6e08: 4e5d 07e8 

  0x0000017a8d2f6e0c: ; ImmutableOopMap {rax=Oop [184]=Oop [320]=Oop [344]=Oop }
                      ;*invokevirtual replace {reexecute=0 rethrow=0 return_oop=0}
                      ; - com.sun.tools.javac.jvm.ClassFile::externalize@5 (line 190)
                      ; - com.sun.tools.javac.jvm.ClassFile::externalize@11 (line 180)
                      ; - com.sun.tools.javac.jvm.PoolWriter$WriteablePoolHelper::writeConstant@137 (line 373)
  0x0000017a8d2f6e0c: f04e 5d07 

  0x0000017a8d2f6e10: ;   {runtime_call throw_null_pointer_exception Runtime1 stub}
  0x0000017a8d2f6e10: e8eb 4e5d 

  0x0000017a8d2f6e14: ; ImmutableOopMap {rax=Oop [184]=Oop [320]=Oop }
                      ;*invokevirtual fromString {reexecute=0 rethrow=0 return_oop=0}
                      ; - com.sun.tools.javac.jvm.ClassFile::externalize@14 (line 180)
                      ; - com.sun.tools.javac.jvm.PoolWriter$WriteablePoolHelper::writeConstant@137 (line 373)
                      ;   {runtime_call throw_null_pointer_exception Runtime1 stub}
  0x0000017a8d2f6e14: 07e8 e64e 

  0x0000017a8d2f6e18: ; ImmutableOopMap {rax=Oop rdx=Oop [184]=Oop [320]=Oop }
                      ;*invokevirtual fromString {reexecute=0 rethrow=0 return_oop=0}
                      ; - com.sun.tools.javac.util.Names::fromString@5 (line 447)
                      ; - com.sun.tools.javac.jvm.ClassFile::externalize@14 (line 180)
                      ; - com.sun.tools.javac.jvm.PoolWriter$WriteablePoolHelper::writeConstant@137 (line 373)
                      ;   {runtime_call throw_null_pointer_exception Runtime1 stub}
  0x0000017a8d2f6e18: 5d07 e8e1 

  0x0000017a8d2f6e1c: ; ImmutableOopMap {rdx=Oop rsi=Oop [184]=Oop [320]=Oop [352]=Oop }
                      ;*invokevirtual appendByte {reexecute=0 rethrow=0 return_oop=0}
                      ; - com.sun.tools.javac.jvm.PoolWriter$WriteablePoolHelper::writeConstant@147 (line 374)
                      ;   {runtime_call throw_null_pointer_exception Runtime1 stub}
  0x0000017a8d2f6e1c: 4e5d 07e8 

  0x0000017a8d2f6e20: ; ImmutableOopMap {rdx=Oop rsi=Oop [184]=Oop [320]=Oop [352]=Oop }
                      ;*invokevirtual putName {reexecute=0 rethrow=0 return_oop=0}
                      ; - com.sun.tools.javac.jvm.PoolWriter$WriteablePoolHelper::writeConstant@160 (line 375)
  0x0000017a8d2f6e20: dc4e 5d07 

  0x0000017a8d2f6e24: ;   {runtime_call throw_null_pointer_exception Runtime1 stub}
  0x0000017a8d2f6e24: e8d7 4e5d 

  0x0000017a8d2f6e28: ; ImmutableOopMap {rdx=Oop rsi=Oop rdi=Oop [184]=Oop [320]=Oop [352]=Oop }
                      ;*invokevirtual writeIfNeeded {reexecute=0 rethrow=0 return_oop=0}
                      ; - com.sun.tools.javac.jvm.PoolWriter::putName@5 (line 197)
                      ; - com.sun.tools.javac.jvm.PoolWriter$WriteablePoolHelper::writeConstant@160 (line 375)
                      ;   {runtime_call throw_null_pointer_exception Runtime1 stub}
  0x0000017a8d2f6e28: 07e8 d24e 

  0x0000017a8d2f6e2c: ; ImmutableOopMap {rsi=Oop [184]=Oop [320]=Oop }
                      ;*invokevirtual appendChar {reexecute=0 rethrow=0 return_oop=0}
                      ; - com.sun.tools.javac.jvm.PoolWriter$WriteablePoolHelper::writeConstant@163 (line 375)
  0x0000017a8d2f6e2c: 5d07 4c89 

  0x0000017a8d2f6e30: ;   {runtime_call throw_class_cast_exception Runtime1 stub}
  0x0000017a8d2f6e30: 0424 e8c9 

  0x0000017a8d2f6e34: ; ImmutableOopMap {rdx=Oop [184]=Oop }
                      ;*checkcast {reexecute=0 rethrow=0 return_oop=0}
                      ; - com.sun.tools.javac.jvm.PoolWriter$WriteablePoolHelper::writeConstant@194 (line 382)
                      ;   {runtime_call throw_null_pointer_exception Runtime1 stub}
  0x0000017a8d2f6e34: 765d 07e8 

  0x0000017a8d2f6e38: ; ImmutableOopMap {rdx=Oop rsi=Oop rdi=Oop [184]=Oop }
                      ;*invokevirtual appendByte {reexecute=0 rethrow=0 return_oop=0}
                      ; - com.sun.tools.javac.jvm.PoolWriter$WriteablePoolHelper::writeConstant@203 (line 383)
  0x0000017a8d2f6e38: c44e 5d07 

  0x0000017a8d2f6e3c: ;   {runtime_call throw_null_pointer_exception Runtime1 stub}
  0x0000017a8d2f6e3c: e8bf 4e5d 

  0x0000017a8d2f6e40: ; ImmutableOopMap {r11=Oop [184]=Oop }
                      ;*invokevirtual toUtf {reexecute=0 rethrow=0 return_oop=0}
                      ; - com.sun.tools.javac.jvm.PoolWriter$WriteablePoolHelper::writeConstant@207 (line 384)
                      ;   {runtime_call throw_null_pointer_exception Runtime1 stub}
  0x0000017a8d2f6e40: 07e8 ba4e 

  0x0000017a8d2f6e44: ; ImmutableOopMap {r11=Oop [184]=Oop }
                      ;*arraylength {reexecute=0 rethrow=0 return_oop=0}
                      ; - com.sun.tools.javac.util.UnsharedNameTable$NameImpl::getByteLength@4 (line 165)
                      ; - com.sun.tools.javac.util.Name::toUtf@1 (line 212)
                      ; - com.sun.tools.javac.jvm.PoolWriter$WriteablePoolHelper::writeConstant@207 (line 384)
                      ;   {runtime_call new_type_array Runtime1 stub}
  0x0000017a8d2f6e44: 5d07 e8b5 

  0x0000017a8d2f6e48: ; ImmutableOopMap {r11=Oop [184]=Oop }
                      ;*newarray {reexecute=0 rethrow=0 return_oop=0}
                      ; - com.sun.tools.javac.util.Name::toUtf@4 (line 212)
                      ; - com.sun.tools.javac.jvm.PoolWriter$WriteablePoolHelper::writeConstant@207 (line 384)
  0x0000017a8d2f6e48: 615d 07e9 | a8eb ffff 

  0x0000017a8d2f6e50: ;   {runtime_call throw_null_pointer_exception Runtime1 stub}
  0x0000017a8d2f6e50: e8ab 4e5d 

  0x0000017a8d2f6e54: ; ImmutableOopMap {rdx=Oop rsi=Oop rax=Oop [184]=Oop [376]=Oop }
                      ;*invokevirtual appendChar {reexecute=0 rethrow=0 return_oop=0}
                      ; - com.sun.tools.javac.jvm.PoolWriter$WriteablePoolHelper::writeConstant@219 (line 385)
                      ;   {runtime_call throw_null_pointer_exception Runtime1 stub}
  0x0000017a8d2f6e54: 07e8 a64e 

  0x0000017a8d2f6e58: ; ImmutableOopMap {rdx=Oop rsi=Oop [184]=Oop [376]=Oop }
                      ;*invokevirtual appendBytes {reexecute=0 rethrow=0 return_oop=0}
                      ; - com.sun.tools.javac.jvm.PoolWriter$WriteablePoolHelper::writeConstant@232 (line 386)
  0x0000017a8d2f6e58: 5d07 488b 

  0x0000017a8d2f6e5c: ;   {runtime_call fast_new_instance Runtime1 stub}
  0x0000017a8d2f6e5c: d2e8 9e5b 

  0x0000017a8d2f6e60: ; ImmutableOopMap {r8=Oop [184]=Oop [376]=Oop }
                      ;*new {reexecute=0 rethrow=0 return_oop=0}
                      ; - com.sun.tools.javac.jvm.PoolWriter$WriteablePoolHelper::writeConstant@251 (line 389)
  0x0000017a8d2f6e60: 5d07 e9a8 | ecff ff44 | 8b42 1c49 | c1e0 0349 | 83f8 000f | 84c9 ecff | ff4c 8904 

  0x0000017a8d2f6e7c: ;   {runtime_call g1_pre_barrier_slow}
  0x0000017a8d2f6e7c: 24e8 feb1 | 5d07 e9bb | ecff ff48 | 83f8 000f | 84d8 ecff | ff48 8914 

  0x0000017a8d2f6e94: ;   {runtime_call g1_post_barrier_slow}
  0x0000017a8d2f6e94: 24e8 e6b4 | 5d07 e9ca 

  0x0000017a8d2f6e9c: ;   {internal_word}
  0x0000017a8d2f6e9c: ecff ff49 | ba71 5b2f | 8d7a 0100 | 004d 8997 | 6804 0000 

  0x0000017a8d2f6eb0: ;   {runtime_call SafepointBlob}
  0x0000017a8d2f6eb0: e9cb e551 | 074c 8904 

  0x0000017a8d2f6eb8: ;   {runtime_call throw_class_cast_exception Runtime1 stub}
  0x0000017a8d2f6eb8: 24e8 4276 

  0x0000017a8d2f6ebc: ; ImmutableOopMap {rdx=Oop }
                      ;*checkcast {reexecute=0 rethrow=0 return_oop=0}
                      ; - com.sun.tools.javac.jvm.PoolWriter$WriteablePoolHelper::writeConstant@184 (line 377)
                      ;   {runtime_call throw_null_pointer_exception Runtime1 stub}
  0x0000017a8d2f6ebc: 5d07 e83d 

  0x0000017a8d2f6ec0: ; ImmutableOopMap {rdx=Oop r8=Oop }
                      ;*invokevirtual enterInner {reexecute=0 rethrow=0 return_oop=0}
                      ; - com.sun.tools.javac.jvm.PoolWriter$WriteablePoolHelper::writeConstant@187 (line 377)
                      ;   {internal_word}
  0x0000017a8d2f6ec0: 4e5d 0749 | baec 5b2f | 8d7a 0100 | 004d 8997 | 6804 0000 

  0x0000017a8d2f6ed4: ;   {runtime_call SafepointBlob}
  0x0000017a8d2f6ed4: e9a7 e551 

  0x0000017a8d2f6ed8: ;   {runtime_call throw_null_pointer_exception Runtime1 stub}
  0x0000017a8d2f6ed8: 07e8 224e 

  0x0000017a8d2f6edc: ; ImmutableOopMap {rdi=Oop rbx=Oop rdx=Oop [304]=Oop [312]=Oop }
                      ;*invokevirtual reset {reexecute=0 rethrow=0 return_oop=0}
                      ; - com.sun.tools.javac.jvm.PoolWriter::typeSig@4 (line 496)
                      ; - com.sun.tools.javac.jvm.PoolWriter::putDescriptor@10 (line 140)
                      ; - com.sun.tools.javac.jvm.PoolWriter$WriteablePoolHelper::writeConstant@713 (line 457)
                      ;   {runtime_call throw_null_pointer_exception Runtime1 stub}
  0x0000017a8d2f6edc: 5d07 e81d 

  0x0000017a8d2f6ee0: ; ImmutableOopMap {rdi=Oop rbx=Oop rdx=Oop [304]=Oop [312]=Oop }
                      ;*invokevirtual reset {reexecute=0 rethrow=0 return_oop=0}
                      ; - com.sun.tools.javac.jvm.PoolWriter$SharedSignatureGenerator::reset@4 (line 324)
                      ; - com.sun.tools.javac.jvm.PoolWriter::typeSig@4 (line 496)
                      ; - com.sun.tools.javac.jvm.PoolWriter::putDescriptor@10 (line 140)
                      ; - com.sun.tools.javac.jvm.PoolWriter$WriteablePoolHelper::writeConstant@713 (line 457)
                      ;   {runtime_call throw_null_pointer_exception Runtime1 stub}
  0x0000017a8d2f6ee0: 4e5d 07e8 

  0x0000017a8d2f6ee4: ; ImmutableOopMap {rdi=Oop r8=Oop [304]=Oop [312]=Oop }
                      ;*invokevirtual toName {reexecute=0 rethrow=0 return_oop=0}
                      ; - com.sun.tools.javac.jvm.PoolWriter::typeSig@19 (line 498)
                      ; - com.sun.tools.javac.jvm.PoolWriter::putDescriptor@10 (line 140)
                      ; - com.sun.tools.javac.jvm.PoolWriter$WriteablePoolHelper::writeConstant@713 (line 457)
  0x0000017a8d2f6ee4: 184e 5d07 

  0x0000017a8d2f6ee8: ;   {runtime_call throw_null_pointer_exception Runtime1 stub}
  0x0000017a8d2f6ee8: e813 4e5d 

  0x0000017a8d2f6eec: ; ImmutableOopMap {rdi=Oop rdx=Oop [304]=Oop [312]=Oop }
                      ;*getfield names {reexecute=1 rethrow=0 return_oop=0}
                      ; - (reexecute) com.sun.tools.javac.jvm.PoolWriter$SharedSignatureGenerator::toName@8 (line 329)
                      ; - com.sun.tools.javac.jvm.PoolWriter::typeSig@19 (line 498)
                      ; - com.sun.tools.javac.jvm.PoolWriter::putDescriptor@10 (line 140)
                      ; - com.sun.tools.javac.jvm.PoolWriter$WriteablePoolHelper::writeConstant@713 (line 457)
                      ;   {runtime_call throw_null_pointer_exception Runtime1 stub}
  0x0000017a8d2f6eec: 07e8 0e4e 

  0x0000017a8d2f6ef0: ; ImmutableOopMap {rdi=Oop rdx=Oop r8=Oop [304]=Oop [312]=Oop }
                      ;*invokevirtual toName {reexecute=0 rethrow=0 return_oop=0}
                      ; - com.sun.tools.javac.jvm.PoolWriter$SharedSignatureGenerator::toName@11 (line 329)
                      ; - com.sun.tools.javac.jvm.PoolWriter::typeSig@19 (line 498)
                      ; - com.sun.tools.javac.jvm.PoolWriter::putDescriptor@10 (line 140)
                      ; - com.sun.tools.javac.jvm.PoolWriter$WriteablePoolHelper::writeConstant@713 (line 457)
                      ;   {runtime_call throw_null_pointer_exception Runtime1 stub}
  0x0000017a8d2f6ef0: 5d07 e809 

  0x0000017a8d2f6ef4: ; ImmutableOopMap {rax=Oop rdi=Oop rdx=Oop [304]=Oop [312]=Oop }
                      ;*invokevirtual writeIfNeeded {reexecute=0 rethrow=0 return_oop=0}
                      ; - com.sun.tools.javac.jvm.PoolWriter::putName@5 (line 197)
                      ; - com.sun.tools.javac.jvm.PoolWriter::putDescriptor@13 (line 140)
                      ; - com.sun.tools.javac.jvm.PoolWriter$WriteablePoolHelper::writeConstant@713 (line 457)
                      ;   {runtime_call throw_null_pointer_exception Runtime1 stub}
  0x0000017a8d2f6ef4: 4e5d 07e8 

  0x0000017a8d2f6ef8: ; ImmutableOopMap {rsi=Oop [304]=Oop [312]=Oop }
                      ;*invokevirtual appendChar {reexecute=0 rethrow=0 return_oop=0}
                      ; - com.sun.tools.javac.jvm.PoolWriter$WriteablePoolHelper::writeConstant@716 (line 457)
  0x0000017a8d2f6ef8: 044e 5d07 

  0x0000017a8d2f6efc: ;   {internal_word}
  0x0000017a8d2f6efc: 49ba b45c | 2f8d 7a01 | 0000 4d89 | 9768 0400 

  0x0000017a8d2f6f0c: ;   {runtime_call SafepointBlob}
  0x0000017a8d2f6f0c: 00e9 6ee5 

  0x0000017a8d2f6f10: ;   {runtime_call throw_null_pointer_exception Runtime1 stub}
  0x0000017a8d2f6f10: 5107 e8e9 

  0x0000017a8d2f6f14: ; ImmutableOopMap {rdi=Oop rax=Oop rdx=Oop [240]=Oop [248]=Oop }
                      ;*invokevirtual reset {reexecute=0 rethrow=0 return_oop=0}
                      ; - com.sun.tools.javac.jvm.PoolWriter::typeSig@4 (line 496)
                      ; - com.sun.tools.javac.jvm.PoolWriter::putDescriptor@10 (line 140)
                      ; - com.sun.tools.javac.jvm.PoolWriter$WriteablePoolHelper::writeConstant@614 (line 444)
                      ;   {runtime_call throw_null_pointer_exception Runtime1 stub}
  0x0000017a8d2f6f14: 4d5d 07e8 

  0x0000017a8d2f6f18: ; ImmutableOopMap {rdi=Oop rax=Oop rdx=Oop [240]=Oop [248]=Oop }
                      ;*invokevirtual reset {reexecute=0 rethrow=0 return_oop=0}
                      ; - com.sun.tools.javac.jvm.PoolWriter$SharedSignatureGenerator::reset@4 (line 324)
                      ; - com.sun.tools.javac.jvm.PoolWriter::typeSig@4 (line 496)
                      ; - com.sun.tools.javac.jvm.PoolWriter::putDescriptor@10 (line 140)
                      ; - com.sun.tools.javac.jvm.PoolWriter$WriteablePoolHelper::writeConstant@614 (line 444)
  0x0000017a8d2f6f18: e44d 5d07 

  0x0000017a8d2f6f1c: ;   {runtime_call throw_null_pointer_exception Runtime1 stub}
  0x0000017a8d2f6f1c: e8df 4d5d 

  0x0000017a8d2f6f20: ; ImmutableOopMap {rdi=Oop r8=Oop [240]=Oop [248]=Oop }
                      ;*invokevirtual toName {reexecute=0 rethrow=0 return_oop=0}
                      ; - com.sun.tools.javac.jvm.PoolWriter::typeSig@19 (line 498)
                      ; - com.sun.tools.javac.jvm.PoolWriter::putDescriptor@10 (line 140)
                      ; - com.sun.tools.javac.jvm.PoolWriter$WriteablePoolHelper::writeConstant@614 (line 444)
                      ;   {runtime_call throw_null_pointer_exception Runtime1 stub}
  0x0000017a8d2f6f20: 07e8 da4d 

  0x0000017a8d2f6f24: ; ImmutableOopMap {rdi=Oop rdx=Oop [240]=Oop [248]=Oop }
                      ;*getfield names {reexecute=1 rethrow=0 return_oop=0}
                      ; - (reexecute) com.sun.tools.javac.jvm.PoolWriter$SharedSignatureGenerator::toName@8 (line 329)
                      ; - com.sun.tools.javac.jvm.PoolWriter::typeSig@19 (line 498)
                      ; - com.sun.tools.javac.jvm.PoolWriter::putDescriptor@10 (line 140)
                      ; - com.sun.tools.javac.jvm.PoolWriter$WriteablePoolHelper::writeConstant@614 (line 444)
                      ;   {runtime_call throw_null_pointer_exception Runtime1 stub}
  0x0000017a8d2f6f24: 5d07 e8d5 

  0x0000017a8d2f6f28: ; ImmutableOopMap {rdi=Oop rdx=Oop r8=Oop [240]=Oop [248]=Oop }
                      ;*invokevirtual toName {reexecute=0 rethrow=0 return_oop=0}
                      ; - com.sun.tools.javac.jvm.PoolWriter$SharedSignatureGenerator::toName@11 (line 329)
                      ; - com.sun.tools.javac.jvm.PoolWriter::typeSig@19 (line 498)
                      ; - com.sun.tools.javac.jvm.PoolWriter::putDescriptor@10 (line 140)
                      ; - com.sun.tools.javac.jvm.PoolWriter$WriteablePoolHelper::writeConstant@614 (line 444)
                      ;   {runtime_call throw_null_pointer_exception Runtime1 stub}
  0x0000017a8d2f6f28: 4d5d 07e8 

  0x0000017a8d2f6f2c: ; ImmutableOopMap {rax=Oop rdi=Oop rdx=Oop [240]=Oop [248]=Oop }
                      ;*invokevirtual writeIfNeeded {reexecute=0 rethrow=0 return_oop=0}
                      ; - com.sun.tools.javac.jvm.PoolWriter::putName@5 (line 197)
                      ; - com.sun.tools.javac.jvm.PoolWriter::putDescriptor@13 (line 140)
                      ; - com.sun.tools.javac.jvm.PoolWriter$WriteablePoolHelper::writeConstant@614 (line 444)
  0x0000017a8d2f6f2c: d04d 5d07 

  0x0000017a8d2f6f30: ;   {runtime_call throw_null_pointer_exception Runtime1 stub}
  0x0000017a8d2f6f30: e8cb 4d5d 

  0x0000017a8d2f6f34: ; ImmutableOopMap {rsi=Oop [240]=Oop [248]=Oop }
                      ;*invokevirtual appendChar {reexecute=0 rethrow=0 return_oop=0}
                      ; - com.sun.tools.javac.jvm.PoolWriter$WriteablePoolHelper::writeConstant@617 (line 444)
                      ;   {internal_word}
  0x0000017a8d2f6f34: 0749 ba7c | 5d2f 8d7a | 0100 004d | 8997 6804 

  0x0000017a8d2f6f44: ;   {runtime_call SafepointBlob}
  0x0000017a8d2f6f44: 0000 e935 

  0x0000017a8d2f6f48: ;   {runtime_call throw_null_pointer_exception Runtime1 stub}
  0x0000017a8d2f6f48: e551 07e8 

  0x0000017a8d2f6f4c: ; ImmutableOopMap {rax=Oop rbx=Oop [184]=Oop [192]=Oop [224]=Oop }
                      ;*invokevirtual writeIfNeeded {reexecute=0 rethrow=0 return_oop=0}
                      ; - com.sun.tools.javac.jvm.PoolWriter::putClass@12 (line 119)
                      ; - com.sun.tools.javac.jvm.PoolWriter::putClass@5 (line 111)
                      ; - com.sun.tools.javac.jvm.PoolWriter$WriteablePoolHelper::writeConstant@294 (line 398)
  0x0000017a8d2f6f4c: b04d 5d07 

  0x0000017a8d2f6f50: ;   {runtime_call throw_null_pointer_exception Runtime1 stub}
  0x0000017a8d2f6f50: e8ab 4d5d 

  0x0000017a8d2f6f54: ; ImmutableOopMap {rsi=Oop [184]=Oop [192]=Oop [224]=Oop }
                      ;*invokevirtual appendChar {reexecute=0 rethrow=0 return_oop=0}
                      ; - com.sun.tools.javac.jvm.PoolWriter$WriteablePoolHelper::writeConstant@297 (line 398)
                      ;   {runtime_call throw_null_pointer_exception Runtime1 stub}
  0x0000017a8d2f6f54: 07e8 a64d 

  0x0000017a8d2f6f58: ; ImmutableOopMap {rsi=Oop rdx=Oop [192]=Oop }
                      ;*invokevirtual putNameAndType {reexecute=0 rethrow=0 return_oop=0}
                      ; - com.sun.tools.javac.jvm.PoolWriter$WriteablePoolHelper::writeConstant@309 (line 399)
                      ;   {runtime_call throw_null_pointer_exception Runtime1 stub}
  0x0000017a8d2f6f58: 5d07 e8a1 

  0x0000017a8d2f6f5c: ; ImmutableOopMap {rsi=Oop }
                      ;*invokevirtual appendChar {reexecute=0 rethrow=0 return_oop=0}
                      ; - com.sun.tools.javac.jvm.PoolWriter$WriteablePoolHelper::writeConstant@312 (line 399)
                      ;   {internal_word}
  0x0000017a8d2f6f5c: 4d5d 0749 | ba2c 5e2f | 8d7a 0100 | 004d 8997 | 6804 0000 

  0x0000017a8d2f6f70: ;   {runtime_call SafepointBlob}
  0x0000017a8d2f6f70: e90b e551 | 074c 8904 

  0x0000017a8d2f6f78: ;   {runtime_call throw_class_cast_exception Runtime1 stub}
  0x0000017a8d2f6f78: 24e8 8275 

  0x0000017a8d2f6f7c: ; ImmutableOopMap {[184]=Oop }
                      ;*checkcast {reexecute=0 rethrow=0 return_oop=0}
                      ; - com.sun.tools.javac.jvm.PoolWriter$WriteablePoolHelper::writeConstant@319 (line 403)
                      ;   {runtime_call throw_null_pointer_exception Runtime1 stub}
  0x0000017a8d2f6f7c: 5d07 e87d 

  0x0000017a8d2f6f80: ; ImmutableOopMap {[184]=Oop }
                      ;*invokevirtual flatName {reexecute=0 rethrow=0 return_oop=0}
                      ; - com.sun.tools.javac.jvm.PoolWriter$WriteablePoolHelper::writeConstant@324 (line 404)
                      ;   {runtime_call throw_null_pointer_exception Runtime1 stub}
  0x0000017a8d2f6f80: 4d5d 07e8 

  0x0000017a8d2f6f84: ; ImmutableOopMap {rsi=Oop [184]=Oop }
                      ;*getfield table {reexecute=1 rethrow=0 return_oop=0}
                      ; - (reexecute) com.sun.tools.javac.jvm.ClassFile::externalize@1 (line 180)
                      ; - com.sun.tools.javac.jvm.PoolWriter$WriteablePoolHelper::writeConstant@327 (line 404)
  0x0000017a8d2f6f84: 784d 5d07 

  0x0000017a8d2f6f88: ;   {runtime_call throw_null_pointer_exception Runtime1 stub}
  0x0000017a8d2f6f88: e873 4d5d 

  0x0000017a8d2f6f8c: ; ImmutableOopMap {rsi=Oop [184]=Oop }
                      ;*getfield names {reexecute=1 rethrow=0 return_oop=0}
                      ; - (reexecute) com.sun.tools.javac.jvm.ClassFile::externalize@4 (line 180)
                      ; - com.sun.tools.javac.jvm.PoolWriter$WriteablePoolHelper::writeConstant@327 (line 404)
                      ;   {runtime_call throw_null_pointer_exception Runtime1 stub}
  0x0000017a8d2f6f8c: 07e8 6e4d 

  0x0000017a8d2f6f90: ; ImmutableOopMap {rax=Oop [184]=Oop [400]=Oop }
                      ;*invokevirtual replace {reexecute=0 rethrow=0 return_oop=0}
                      ; - com.sun.tools.javac.jvm.ClassFile::externalize@5 (line 190)
                      ; - com.sun.tools.javac.jvm.ClassFile::externalize@11 (line 180)
                      ; - com.sun.tools.javac.jvm.PoolWriter$WriteablePoolHelper::writeConstant@327 (line 404)
                      ;   {runtime_call throw_null_pointer_exception Runtime1 stub}
  0x0000017a8d2f6f90: 5d07 e869 

  0x0000017a8d2f6f94: ; ImmutableOopMap {rax=Oop [184]=Oop }
                      ;*invokevirtual fromString {reexecute=0 rethrow=0 return_oop=0}
                      ; - com.sun.tools.javac.jvm.ClassFile::externalize@14 (line 180)
                      ; - com.sun.tools.javac.jvm.PoolWriter$WriteablePoolHelper::writeConstant@327 (line 404)
                      ;   {runtime_call throw_null_pointer_exception Runtime1 stub}
  0x0000017a8d2f6f94: 4d5d 07e8 

  0x0000017a8d2f6f98: ; ImmutableOopMap {rax=Oop rdx=Oop [184]=Oop }
                      ;*invokevirtual fromString {reexecute=0 rethrow=0 return_oop=0}
                      ; - com.sun.tools.javac.util.Names::fromString@5 (line 447)
                      ; - com.sun.tools.javac.jvm.ClassFile::externalize@14 (line 180)
                      ; - com.sun.tools.javac.jvm.PoolWriter$WriteablePoolHelper::writeConstant@327 (line 404)
  0x0000017a8d2f6f98: 644d 5d07 

  0x0000017a8d2f6f9c: ;   {runtime_call throw_null_pointer_exception Runtime1 stub}
  0x0000017a8d2f6f9c: e85f 4d5d 

  0x0000017a8d2f6fa0: ; ImmutableOopMap {rax=Oop rdx=Oop rsi=Oop [184]=Oop }
                      ;*invokevirtual appendByte {reexecute=0 rethrow=0 return_oop=0}
                      ; - com.sun.tools.javac.jvm.PoolWriter$WriteablePoolHelper::writeConstant@337 (line 405)
                      ;   {runtime_call throw_null_pointer_exception Runtime1 stub}
  0x0000017a8d2f6fa0: 07e8 5a4d 

  0x0000017a8d2f6fa4: ; ImmutableOopMap {rsi=Oop [408]=Oop }
                      ;*invokevirtual putName {reexecute=0 rethrow=0 return_oop=0}
                      ; - com.sun.tools.javac.jvm.PoolWriter$WriteablePoolHelper::writeConstant@350 (line 406)
                      ;   {runtime_call throw_null_pointer_exception Runtime1 stub}
  0x0000017a8d2f6fa4: 5d07 e855 

  0x0000017a8d2f6fa8: ; ImmutableOopMap {rsi=Oop rdx=Oop [408]=Oop }
                      ;*invokevirtual writeIfNeeded {reexecute=0 rethrow=0 return_oop=0}
                      ; - com.sun.tools.javac.jvm.PoolWriter::putName@5 (line 197)
                      ; - com.sun.tools.javac.jvm.PoolWriter$WriteablePoolHelper::writeConstant@350 (line 406)
                      ;   {runtime_call throw_null_pointer_exception Runtime1 stub}
  0x0000017a8d2f6fa8: 4d5d 07e8 

  0x0000017a8d2f6fac: ; ImmutableOopMap {rsi=Oop }
                      ;*invokevirtual appendChar {reexecute=0 rethrow=0 return_oop=0}
                      ; - com.sun.tools.javac.jvm.PoolWriter$WriteablePoolHelper::writeConstant@353 (line 406)
  0x0000017a8d2f6fac: 504d 5d07 

  0x0000017a8d2f6fb0: ;   {internal_word}
  0x0000017a8d2f6fb0: 49ba 945f | 2f8d 7a01 | 0000 4d89 | 9768 0400 

  0x0000017a8d2f6fc0: ;   {runtime_call SafepointBlob}
  0x0000017a8d2f6fc0: 00e9 bae4 | 5107 4c89 

  0x0000017a8d2f6fc8: ;   {runtime_call throw_class_cast_exception Runtime1 stub}
  0x0000017a8d2f6fc8: 0424 e831 

  0x0000017a8d2f6fcc: ; ImmutableOopMap {rdx=Oop [184]=Oop }
                      ;*checkcast {reexecute=0 rethrow=0 return_oop=0}
                      ; - com.sun.tools.javac.jvm.PoolWriter$WriteablePoolHelper::writeConstant@360 (line 410)
                      ;   {runtime_call throw_null_pointer_exception Runtime1 stub}
  0x0000017a8d2f6fcc: 755d 07e8 

  0x0000017a8d2f6fd0: ; ImmutableOopMap {rdx=Oop rsi=Oop r8=Oop [184]=Oop }
                      ;*getfield name {reexecute=1 rethrow=0 return_oop=0}
                      ; - (reexecute) com.sun.tools.javac.jvm.PoolWriter$WriteablePoolHelper::writeConstant@369 (line 411)
  0x0000017a8d2f6fd0: 2c4d 5d07 

  0x0000017a8d2f6fd4: ;   {runtime_call throw_null_pointer_exception Runtime1 stub}
  0x0000017a8d2f6fd4: e827 4d5d 

  0x0000017a8d2f6fd8: ; ImmutableOopMap {rdx=Oop rsi=Oop rdi=Oop [184]=Oop }
                      ;*invokevirtual putName {reexecute=0 rethrow=0 return_oop=0}
                      ; - com.sun.tools.javac.jvm.PoolWriter$WriteablePoolHelper::writeConstant@372 (line 411)
                      ;   {runtime_call throw_null_pointer_exception Runtime1 stub}
  0x0000017a8d2f6fd8: 07e8 224d 

  0x0000017a8d2f6fdc: ; ImmutableOopMap {rdx=Oop rsi=Oop rdi=Oop rbx=Oop [184]=Oop }
                      ;*invokevirtual writeIfNeeded {reexecute=0 rethrow=0 return_oop=0}
                      ; - com.sun.tools.javac.jvm.PoolWriter::putName@5 (line 197)
                      ; - com.sun.tools.javac.jvm.PoolWriter$WriteablePoolHelper::writeConstant@372 (line 411)
                      ;   {runtime_call throw_null_pointer_exception Runtime1 stub}
  0x0000017a8d2f6fdc: 5d07 e81d 

  0x0000017a8d2f6fe0: ; ImmutableOopMap {rdx=Oop rsi=Oop [184]=Oop }
                      ;*invokevirtual appendByte {reexecute=0 rethrow=0 return_oop=0}
                      ; - com.sun.tools.javac.jvm.PoolWriter$WriteablePoolHelper::writeConstant@385 (line 412)
                      ;   {runtime_call throw_null_pointer_exception Runtime1 stub}
  0x0000017a8d2f6fe0: 4d5d 07e8 

  0x0000017a8d2f6fe4: ; ImmutableOopMap {rdx=Oop }
                      ;*invokevirtual appendChar {reexecute=0 rethrow=0 return_oop=0}
                      ; - com.sun.tools.javac.jvm.PoolWriter$WriteablePoolHelper::writeConstant@394 (line 413)
  0x0000017a8d2f6fe4: 184d 5d07 

  0x0000017a8d2f6fe8: ;   {internal_word}
  0x0000017a8d2f6fe8: 49ba 8460 | 2f8d 7a01 | 0000 4d89 | 9768 0400 

  0x0000017a8d2f6ff8: ;   {runtime_call SafepointBlob}
  0x0000017a8d2f6ff8: 00e9 82e4 | 5107 4c89 

  0x0000017a8d2f7000: ;   {runtime_call throw_class_cast_exception Runtime1 stub}
  0x0000017a8d2f7000: 0424 e8f9 

  0x0000017a8d2f7004: ; ImmutableOopMap {rdx=Oop [184]=Oop }
                      ;*checkcast {reexecute=0 rethrow=0 return_oop=0}
                      ; - com.sun.tools.javac.jvm.PoolWriter$WriteablePoolHelper::writeConstant@723 (line 461)
                      ;   {runtime_call throw_null_pointer_exception Runtime1 stub}
  0x0000017a8d2f7004: 745d 07e8 

  0x0000017a8d2f7008: ; ImmutableOopMap {rdx=Oop rsi=Oop rdi=Oop [184]=Oop }
                      ;*invokevirtual appendByte {reexecute=0 rethrow=0 return_oop=0}
                      ; - com.sun.tools.javac.jvm.PoolWriter$WriteablePoolHelper::writeConstant@732 (line 462)
  0x0000017a8d2f7008: f44c 5d07 

  0x0000017a8d2f700c: ;   {runtime_call throw_null_pointer_exception Runtime1 stub}
  0x0000017a8d2f700c: e8ef 4c5d 

  0x0000017a8d2f7010: ; ImmutableOopMap {rdx=Oop rsi=Oop rdi=Oop [184]=Oop [440]=Oop }
                      ;*invokevirtual makeBootstrapEntry {reexecute=0 rethrow=0 return_oop=0}
                      ; - com.sun.tools.javac.jvm.PoolWriter$WriteablePoolHelper::writeConstant@744 (line 463)
                      ;   {runtime_call throw_null_pointer_exception Runtime1 stub}
  0x0000017a8d2f7010: 07e8 ea4c 

  0x0000017a8d2f7014: ; ImmutableOopMap {rsi=Oop [184]=Oop [440]=Oop }
                      ;*invokevirtual appendChar {reexecute=0 rethrow=0 return_oop=0}
                      ; - com.sun.tools.javac.jvm.PoolWriter$WriteablePoolHelper::writeConstant@747 (line 463)
                      ;   {runtime_call throw_null_pointer_exception Runtime1 stub}
  0x0000017a8d2f7014: 5d07 e8e5 

  0x0000017a8d2f7018: ; ImmutableOopMap {rsi=Oop rdx=Oop [440]=Oop }
                      ;*invokevirtual putNameAndType {reexecute=0 rethrow=0 return_oop=0}
                      ; - com.sun.tools.javac.jvm.PoolWriter$WriteablePoolHelper::writeConstant@759 (line 464)
                      ;   {runtime_call throw_null_pointer_exception Runtime1 stub}
  0x0000017a8d2f7018: 4c5d 07e8 

  0x0000017a8d2f701c: ; ImmutableOopMap {rsi=Oop }
                      ;*invokevirtual appendChar {reexecute=0 rethrow=0 return_oop=0}
                      ; - com.sun.tools.javac.jvm.PoolWriter$WriteablePoolHelper::writeConstant@762 (line 464)
  0x0000017a8d2f701c: e04c 5d07 

  0x0000017a8d2f7020: ;   {internal_word}
  0x0000017a8d2f7020: 49ba c461 | 2f8d 7a01 | 0000 4d89 | 9768 0400 

  0x0000017a8d2f7030: ;   {runtime_call SafepointBlob}
  0x0000017a8d2f7030: 00e9 4ae4 | 5107 4c89 

  0x0000017a8d2f7038: ;   {runtime_call throw_class_cast_exception Runtime1 stub}
  0x0000017a8d2f7038: 0424 e8c1 

  0x0000017a8d2f703c: ; ImmutableOopMap {rdx=Oop [184]=Oop }
                      ;*checkcast {reexecute=0 rethrow=0 return_oop=0}
                      ; - com.sun.tools.javac.jvm.PoolWriter$WriteablePoolHelper::writeConstant@769 (line 468)
                      ;   {runtime_call throw_null_pointer_exception Runtime1 stub}
  0x0000017a8d2f703c: 745d 07e8 

  0x0000017a8d2f7040: ; ImmutableOopMap {rdx=Oop rsi=Oop rdi=Oop [184]=Oop }
                      ;*invokevirtual appendByte {reexecute=0 rethrow=0 return_oop=0}
                      ; - com.sun.tools.javac.jvm.PoolWriter$WriteablePoolHelper::writeConstant@778 (line 469)
  0x0000017a8d2f7040: bc4c 5d07 

  0x0000017a8d2f7044: ;   {runtime_call throw_null_pointer_exception Runtime1 stub}
  0x0000017a8d2f7044: e8b7 4c5d 

  0x0000017a8d2f7048: ; ImmutableOopMap {rdx=Oop rsi=Oop rdi=Oop [184]=Oop [464]=Oop }
                      ;*invokevirtual makeBootstrapEntry {reexecute=0 rethrow=0 return_oop=0}
                      ; - com.sun.tools.javac.jvm.PoolWriter$WriteablePoolHelper::writeConstant@790 (line 470)
                      ;   {runtime_call throw_null_pointer_exception Runtime1 stub}
  0x0000017a8d2f7048: 07e8 b24c 

  0x0000017a8d2f704c: ; ImmutableOopMap {rsi=Oop [184]=Oop [464]=Oop }
                      ;*invokevirtual appendChar {reexecute=0 rethrow=0 return_oop=0}
                      ; - com.sun.tools.javac.jvm.PoolWriter$WriteablePoolHelper::writeConstant@793 (line 470)
                      ;   {runtime_call throw_null_pointer_exception Runtime1 stub}
  0x0000017a8d2f704c: 5d07 e8ad 

  0x0000017a8d2f7050: ; ImmutableOopMap {rsi=Oop rdx=Oop [464]=Oop }
                      ;*invokevirtual putNameAndType {reexecute=0 rethrow=0 return_oop=0}
                      ; - com.sun.tools.javac.jvm.PoolWriter$WriteablePoolHelper::writeConstant@805 (line 471)
                      ;   {runtime_call throw_null_pointer_exception Runtime1 stub}
  0x0000017a8d2f7050: 4c5d 07e8 

  0x0000017a8d2f7054: ; ImmutableOopMap {rsi=Oop }
                      ;*invokevirtual appendChar {reexecute=0 rethrow=0 return_oop=0}
                      ; - com.sun.tools.javac.jvm.PoolWriter$WriteablePoolHelper::writeConstant@808 (line 471)
  0x0000017a8d2f7054: a84c 5d07 

  0x0000017a8d2f7058: ;   {internal_word}
  0x0000017a8d2f7058: 49ba 0463 | 2f8d 7a01 | 0000 4d89 | 9768 0400 

  0x0000017a8d2f7068: ;   {runtime_call SafepointBlob}
  0x0000017a8d2f7068: 00e9 12e4 | 5107 4c89 

  0x0000017a8d2f7070: ;   {runtime_call throw_class_cast_exception Runtime1 stub}
  0x0000017a8d2f7070: 0424 e889 

  0x0000017a8d2f7074: ; ImmutableOopMap {rdx=Oop [184]=Oop }
                      ;*checkcast {reexecute=0 rethrow=0 return_oop=0}
                      ; - com.sun.tools.javac.jvm.PoolWriter$WriteablePoolHelper::writeConstant@545 (line 435)
                      ;   {runtime_call throw_null_pointer_exception Runtime1 stub}
  0x0000017a8d2f7074: 745d 07e8 

  0x0000017a8d2f7078: ; ImmutableOopMap {rdx=Oop rsi=Oop rdi=Oop [184]=Oop [488]=Oop }
                      ;*invokevirtual appendByte {reexecute=0 rethrow=0 return_oop=0}
                      ; - com.sun.tools.javac.jvm.PoolWriter$WriteablePoolHelper::writeConstant@554 (line 436)
  0x0000017a8d2f7078: 844c 5d07 

  0x0000017a8d2f707c: ;   {runtime_call throw_null_pointer_exception Runtime1 stub}
  0x0000017a8d2f707c: e87f 4c5d 

  0x0000017a8d2f7080: ; ImmutableOopMap {rdx=Oop rsi=Oop rdi=Oop [184]=Oop [488]=Oop }
                      ;*invokevirtual referenceKind {reexecute=0 rethrow=0 return_oop=0}
                      ; - com.sun.tools.javac.jvm.PoolWriter$WriteablePoolHelper::writeConstant@562 (line 437)
                      ;   {runtime_call throw_null_pointer_exception Runtime1 stub}
  0x0000017a8d2f7080: 07e8 7a4c 

  0x0000017a8d2f7084: ; ImmutableOopMap {rsi=Oop [184]=Oop [488]=Oop }
                      ;*invokevirtual appendByte {reexecute=0 rethrow=0 return_oop=0}
                      ; - com.sun.tools.javac.jvm.PoolWriter$WriteablePoolHelper::writeConstant@565 (line 437)
                      ;   {runtime_call throw_null_pointer_exception Runtime1 stub}
  0x0000017a8d2f7084: 5d07 e875 

  0x0000017a8d2f7088: ; ImmutableOopMap {rsi=Oop rdx=Oop }
                      ;*invokevirtual putMember {reexecute=0 rethrow=0 return_oop=0}
                      ; - com.sun.tools.javac.jvm.PoolWriter$WriteablePoolHelper::writeConstant@580 (line 438)
                      ;   {runtime_call throw_null_pointer_exception Runtime1 stub}
  0x0000017a8d2f7088: 4c5d 07e8 

  0x0000017a8d2f708c: ; ImmutableOopMap {rsi=Oop rdx=Oop rdi=Oop }
                      ;*invokevirtual writeIfNeeded {reexecute=0 rethrow=0 return_oop=0}
                      ; - com.sun.tools.javac.jvm.PoolWriter::putMember@5 (line 126)
                      ; - com.sun.tools.javac.jvm.PoolWriter$WriteablePoolHelper::writeConstant@580 (line 438)
  0x0000017a8d2f708c: 704c 5d07 

  0x0000017a8d2f7090: ;   {runtime_call throw_null_pointer_exception Runtime1 stub}
  0x0000017a8d2f7090: e86b 4c5d 

  0x0000017a8d2f7094: ; ImmutableOopMap {rsi=Oop }
                      ;*invokevirtual appendChar {reexecute=0 rethrow=0 return_oop=0}
                      ; - com.sun.tools.javac.jvm.PoolWriter$WriteablePoolHelper::writeConstant@583 (line 438)
                      ;   {internal_word}
  0x0000017a8d2f7094: 0749 ba54 | 642f 8d7a | 0100 004d | 8997 6804 

  0x0000017a8d2f70a4: ;   {runtime_call SafepointBlob}
  0x0000017a8d2f70a4: 0000 e9d5 

  0x0000017a8d2f70a8: ;   {runtime_call throw_null_pointer_exception Runtime1 stub}
  0x0000017a8d2f70a8: e351 07e8 

  0x0000017a8d2f70ac: ; ImmutableOopMap {r8=Oop rdx=Oop [176]=Oop [184]=Oop }
                      ;*getfield names {reexecute=1 rethrow=0 return_oop=0}
                      ; - (reexecute) com.sun.tools.javac.jvm.PoolWriter$WriteablePoolHelper::writeConstant@627 (line 448)
  0x0000017a8d2f70ac: 504c 5d07 | 4c89 0424 

  0x0000017a8d2f70b4: ;   {runtime_call throw_class_cast_exception Runtime1 stub}
  0x0000017a8d2f70b4: e847 745d 

  0x0000017a8d2f70b8: ; ImmutableOopMap {rdx=Oop rsi=Oop [184]=Oop }
                      ;*checkcast {reexecute=0 rethrow=0 return_oop=0}
                      ; - com.sun.tools.javac.jvm.PoolWriter$WriteablePoolHelper::writeConstant@631 (line 448)
                      ;   {runtime_call throw_null_pointer_exception Runtime1 stub}
  0x0000017a8d2f70b8: 07e8 424c 

  0x0000017a8d2f70bc: ; ImmutableOopMap {rdx=Oop rsi=Oop [184]=Oop }
                      ;*getfield data {reexecute=1 rethrow=0 return_oop=0}
                      ; - (reexecute) com.sun.tools.javac.jvm.PoolWriter$WriteablePoolHelper::writeConstant@634 (line 448)
  0x0000017a8d2f70bc: 5d07 4c89 

  0x0000017a8d2f70c0: ;   {runtime_call throw_class_cast_exception Runtime1 stub}
  0x0000017a8d2f70c0: 0424 e839 

  0x0000017a8d2f70c4: ; ImmutableOopMap {rdx=Oop rsi=Oop [184]=Oop }
                      ;*checkcast {reexecute=0 rethrow=0 return_oop=0}
                      ; - com.sun.tools.javac.jvm.PoolWriter$WriteablePoolHelper::writeConstant@637 (line 448)
                      ;   {runtime_call throw_null_pointer_exception Runtime1 stub}
  0x0000017a8d2f70c4: 745d 07e8 

  0x0000017a8d2f70c8: ; ImmutableOopMap {rdx=Oop r8=Oop [184]=Oop }
                      ;*invokevirtual fromString {reexecute=0 rethrow=0 return_oop=0}
                      ; - com.sun.tools.javac.jvm.PoolWriter$WriteablePoolHelper::writeConstant@640 (line 448)
  0x0000017a8d2f70c8: 344c 5d07 

  0x0000017a8d2f70cc: ;   {runtime_call throw_null_pointer_exception Runtime1 stub}
  0x0000017a8d2f70cc: e82f 4c5d 

  0x0000017a8d2f70d0: ; ImmutableOopMap {rdx=Oop r8=Oop rsi=Oop [184]=Oop }
                      ;*invokevirtual fromString {reexecute=0 rethrow=0 return_oop=0}
                      ; - com.sun.tools.javac.util.Names::fromString@5 (line 447)
                      ; - com.sun.tools.javac.jvm.PoolWriter$WriteablePoolHelper::writeConstant@640 (line 448)
                      ;   {runtime_call throw_null_pointer_exception Runtime1 stub}
  0x0000017a8d2f70d0: 07e8 2a4c 

  0x0000017a8d2f70d4: ; ImmutableOopMap {rax=Oop rdx=Oop rsi=Oop [184]=Oop }
                      ;*invokevirtual appendByte {reexecute=0 rethrow=0 return_oop=0}
                      ; - com.sun.tools.javac.jvm.PoolWriter$WriteablePoolHelper::writeConstant@649 (line 449)
                      ;   {runtime_call throw_null_pointer_exception Runtime1 stub}
  0x0000017a8d2f70d4: 5d07 e825 

  0x0000017a8d2f70d8: ; ImmutableOopMap {rsi=Oop [512]=Oop }
                      ;*invokevirtual putName {reexecute=0 rethrow=0 return_oop=0}
                      ; - com.sun.tools.javac.jvm.PoolWriter$WriteablePoolHelper::writeConstant@661 (line 450)
                      ;   {runtime_call throw_null_pointer_exception Runtime1 stub}
  0x0000017a8d2f70d8: 4c5d 07e8 

  0x0000017a8d2f70dc: ; ImmutableOopMap {rsi=Oop rdx=Oop [512]=Oop }
                      ;*invokevirtual writeIfNeeded {reexecute=0 rethrow=0 return_oop=0}
                      ; - com.sun.tools.javac.jvm.PoolWriter::putName@5 (line 197)
                      ; - com.sun.tools.javac.jvm.PoolWriter$WriteablePoolHelper::writeConstant@661 (line 450)
  0x0000017a8d2f70dc: 204c 5d07 

  0x0000017a8d2f70e0: ;   {runtime_call throw_null_pointer_exception Runtime1 stub}
  0x0000017a8d2f70e0: e81b 4c5d 

  0x0000017a8d2f70e4: ; ImmutableOopMap {rsi=Oop }
                      ;*invokevirtual appendChar {reexecute=0 rethrow=0 return_oop=0}
                      ; - com.sun.tools.javac.jvm.PoolWriter$WriteablePoolHelper::writeConstant@664 (line 450)
                      ;   {internal_word}
  0x0000017a8d2f70e4: 0749 baac | 652f 8d7a | 0100 004d | 8997 6804 

  0x0000017a8d2f70f4: ;   {runtime_call SafepointBlob}
  0x0000017a8d2f70f4: 0000 e985 

  0x0000017a8d2f70f8: ;   {runtime_call throw_null_pointer_exception Runtime1 stub}
  0x0000017a8d2f70f8: e351 07e8 

  0x0000017a8d2f70fc: ; ImmutableOopMap {rdx=Oop rsi=Oop [176]=Oop [184]=Oop }
                      ;*invokevirtual appendByte {reexecute=0 rethrow=0 return_oop=0}
                      ; - com.sun.tools.javac.jvm.PoolWriter$WriteablePoolHelper::writeConstant@518 (line 431)
  0x0000017a8d2f70fc: 004c 5d07 | 4c89 0424 

  0x0000017a8d2f7104: ;   {runtime_call throw_class_cast_exception Runtime1 stub}
  0x0000017a8d2f7104: e8f7 735d 

  0x0000017a8d2f7108: ; ImmutableOopMap {rdx=Oop }
                      ;*checkcast {reexecute=0 rethrow=0 return_oop=0}
                      ; - com.sun.tools.javac.jvm.PoolWriter$WriteablePoolHelper::writeConstant@526 (line 432)
                      ;   {runtime_call throw_null_pointer_exception Runtime1 stub}
  0x0000017a8d2f7108: 07e8 f24b 

  0x0000017a8d2f710c: ; ImmutableOopMap {rdx=Oop }
                      ;*getfield data {reexecute=1 rethrow=0 return_oop=0}
                      ; - (reexecute) com.sun.tools.javac.jvm.PoolWriter$WriteablePoolHelper::writeConstant@529 (line 432)
  0x0000017a8d2f710c: 5d07 4889 

  0x0000017a8d2f7110: ;   {runtime_call throw_class_cast_exception Runtime1 stub}
  0x0000017a8d2f7110: 3424 e8e9 

  0x0000017a8d2f7114: ; ImmutableOopMap {rdx=Oop }
                      ;*checkcast {reexecute=0 rethrow=0 return_oop=0}
                      ; - com.sun.tools.javac.jvm.PoolWriter$WriteablePoolHelper::writeConstant@532 (line 432)
                      ;   {runtime_call throw_null_pointer_exception Runtime1 stub}
  0x0000017a8d2f7114: 735d 07e8 

  0x0000017a8d2f7118: ; ImmutableOopMap {rdx=Oop }
                      ;*invokevirtual doubleValue {reexecute=0 rethrow=0 return_oop=0}
                      ; - com.sun.tools.javac.jvm.PoolWriter$WriteablePoolHelper::writeConstant@535 (line 432)
  0x0000017a8d2f7118: e44b 5d07 

  0x0000017a8d2f711c: ;   {runtime_call throw_null_pointer_exception Runtime1 stub}
  0x0000017a8d2f711c: e8df 4b5d 

  0x0000017a8d2f7120: ; ImmutableOopMap {rdx=Oop }
                      ;*invokevirtual appendDouble {reexecute=0 rethrow=0 return_oop=0}
                      ; - com.sun.tools.javac.jvm.PoolWriter$WriteablePoolHelper::writeConstant@538 (line 432)
                      ;   {internal_word}
  0x0000017a8d2f7120: 0749 ba94 | 662f 8d7a | 0100 004d | 8997 6804 

  0x0000017a8d2f7130: ;   {runtime_call SafepointBlob}
  0x0000017a8d2f7130: 0000 e949 

  0x0000017a8d2f7134: ;   {runtime_call throw_null_pointer_exception Runtime1 stub}
  0x0000017a8d2f7134: e351 07e8 

  0x0000017a8d2f7138: ; ImmutableOopMap {rdx=Oop rsi=Oop [176]=Oop [184]=Oop }
                      ;*invokevirtual appendByte {reexecute=0 rethrow=0 return_oop=0}
                      ; - com.sun.tools.javac.jvm.PoolWriter$WriteablePoolHelper::writeConstant@477 (line 426)
  0x0000017a8d2f7138: c44b 5d07 | 4c89 0424 

  0x0000017a8d2f7140: ;   {runtime_call throw_class_cast_exception Runtime1 stub}
  0x0000017a8d2f7140: e8bb 735d 

  0x0000017a8d2f7144: ; ImmutableOopMap {rdx=Oop }
                      ;*checkcast {reexecute=0 rethrow=0 return_oop=0}
                      ; - com.sun.tools.javac.jvm.PoolWriter$WriteablePoolHelper::writeConstant@485 (line 427)
                      ;   {runtime_call throw_null_pointer_exception Runtime1 stub}
  0x0000017a8d2f7144: 07e8 b64b 

  0x0000017a8d2f7148: ; ImmutableOopMap {rdx=Oop }
                      ;*getfield data {reexecute=1 rethrow=0 return_oop=0}
                      ; - (reexecute) com.sun.tools.javac.jvm.PoolWriter$WriteablePoolHelper::writeConstant@488 (line 427)
  0x0000017a8d2f7148: 5d07 4c89 

  0x0000017a8d2f714c: ;   {runtime_call throw_class_cast_exception Runtime1 stub}
  0x0000017a8d2f714c: 0424 e8ad 

  0x0000017a8d2f7150: ; ImmutableOopMap {rdx=Oop }
                      ;*checkcast {reexecute=0 rethrow=0 return_oop=0}
                      ; - com.sun.tools.javac.jvm.PoolWriter$WriteablePoolHelper::writeConstant@491 (line 427)
                      ;   {runtime_call throw_null_pointer_exception Runtime1 stub}
  0x0000017a8d2f7150: 735d 07e8 

  0x0000017a8d2f7154: ; ImmutableOopMap {rdx=Oop r8=Oop }
                      ;*invokevirtual longValue {reexecute=0 rethrow=0 return_oop=0}
                      ; - com.sun.tools.javac.jvm.PoolWriter$WriteablePoolHelper::writeConstant@494 (line 427)
  0x0000017a8d2f7154: a84b 5d07 

  0x0000017a8d2f7158: ;   {runtime_call throw_null_pointer_exception Runtime1 stub}
  0x0000017a8d2f7158: e8a3 4b5d 

  0x0000017a8d2f715c: ; ImmutableOopMap {rdx=Oop }
                      ;*invokevirtual appendLong {reexecute=0 rethrow=0 return_oop=0}
                      ; - com.sun.tools.javac.jvm.PoolWriter$WriteablePoolHelper::writeConstant@497 (line 427)
                      ;   {internal_word}
  0x0000017a8d2f715c: 0749 ba7c | 672f 8d7a | 0100 004d | 8997 6804 

  0x0000017a8d2f716c: ;   {runtime_call SafepointBlob}
  0x0000017a8d2f716c: 0000 e90d 

  0x0000017a8d2f7170: ;   {runtime_call throw_null_pointer_exception Runtime1 stub}
  0x0000017a8d2f7170: e351 07e8 

  0x0000017a8d2f7174: ; ImmutableOopMap {rdx=Oop rsi=Oop [176]=Oop [184]=Oop }
                      ;*invokevirtual appendByte {reexecute=0 rethrow=0 return_oop=0}
                      ; - com.sun.tools.javac.jvm.PoolWriter$WriteablePoolHelper::writeConstant@436 (line 421)
  0x0000017a8d2f7174: 884b 5d07 | 4c89 0424 

  0x0000017a8d2f717c: ;   {runtime_call throw_class_cast_exception Runtime1 stub}
  0x0000017a8d2f717c: e87f 735d 

  0x0000017a8d2f7180: ; ImmutableOopMap {rdx=Oop }
                      ;*checkcast {reexecute=0 rethrow=0 return_oop=0}
                      ; - com.sun.tools.javac.jvm.PoolWriter$WriteablePoolHelper::writeConstant@444 (line 422)
                      ;   {runtime_call throw_null_pointer_exception Runtime1 stub}
  0x0000017a8d2f7180: 07e8 7a4b 

  0x0000017a8d2f7184: ; ImmutableOopMap {rdx=Oop }
                      ;*getfield data {reexecute=1 rethrow=0 return_oop=0}
                      ; - (reexecute) com.sun.tools.javac.jvm.PoolWriter$WriteablePoolHelper::writeConstant@447 (line 422)
  0x0000017a8d2f7184: 5d07 4889 

  0x0000017a8d2f7188: ;   {runtime_call throw_class_cast_exception Runtime1 stub}
  0x0000017a8d2f7188: 3424 e871 

  0x0000017a8d2f718c: ; ImmutableOopMap {rdx=Oop }
                      ;*checkcast {reexecute=0 rethrow=0 return_oop=0}
                      ; - com.sun.tools.javac.jvm.PoolWriter$WriteablePoolHelper::writeConstant@450 (line 422)
                      ;   {runtime_call throw_null_pointer_exception Runtime1 stub}
  0x0000017a8d2f718c: 735d 07e8 

  0x0000017a8d2f7190: ; ImmutableOopMap {rdx=Oop }
                      ;*invokevirtual floatValue {reexecute=0 rethrow=0 return_oop=0}
                      ; - com.sun.tools.javac.jvm.PoolWriter$WriteablePoolHelper::writeConstant@453 (line 422)
  0x0000017a8d2f7190: 6c4b 5d07 

  0x0000017a8d2f7194: ;   {runtime_call throw_null_pointer_exception Runtime1 stub}
  0x0000017a8d2f7194: e867 4b5d 

  0x0000017a8d2f7198: ; ImmutableOopMap {rdx=Oop }
                      ;*invokevirtual appendFloat {reexecute=0 rethrow=0 return_oop=0}
                      ; - com.sun.tools.javac.jvm.PoolWriter$WriteablePoolHelper::writeConstant@456 (line 422)
                      ;   {internal_word}
  0x0000017a8d2f7198: 0749 ba5c | 682f 8d7a | 0100 004d | 8997 6804 

  0x0000017a8d2f71a8: ;   {runtime_call SafepointBlob}
  0x0000017a8d2f71a8: 0000 e9d1 

  0x0000017a8d2f71ac: ;   {runtime_call throw_null_pointer_exception Runtime1 stub}
  0x0000017a8d2f71ac: e251 07e8 

  0x0000017a8d2f71b0: ; ImmutableOopMap {rdx=Oop rsi=Oop [176]=Oop [184]=Oop }
                      ;*invokevirtual appendByte {reexecute=0 rethrow=0 return_oop=0}
                      ; - com.sun.tools.javac.jvm.PoolWriter$WriteablePoolHelper::writeConstant@405 (line 417)
  0x0000017a8d2f71b0: 4c4b 5d07 | 4c89 0424 

  0x0000017a8d2f71b8: ;   {runtime_call throw_class_cast_exception Runtime1 stub}
  0x0000017a8d2f71b8: e843 735d 

  0x0000017a8d2f71bc: ; ImmutableOopMap {rdx=Oop }
                      ;*checkcast {reexecute=0 rethrow=0 return_oop=0}
                      ; - com.sun.tools.javac.jvm.PoolWriter$WriteablePoolHelper::writeConstant@413 (line 418)
                      ;   {runtime_call throw_null_pointer_exception Runtime1 stub}
  0x0000017a8d2f71bc: 07e8 3e4b 

  0x0000017a8d2f71c0: ; ImmutableOopMap {rdx=Oop }
                      ;*getfield data {reexecute=1 rethrow=0 return_oop=0}
                      ; - (reexecute) com.sun.tools.javac.jvm.PoolWriter$WriteablePoolHelper::writeConstant@416 (line 418)
  0x0000017a8d2f71c0: 5d07 4c89 

  0x0000017a8d2f71c4: ;   {runtime_call throw_class_cast_exception Runtime1 stub}
  0x0000017a8d2f71c4: 0424 e835 

  0x0000017a8d2f71c8: ; ImmutableOopMap {rdx=Oop }
                      ;*checkcast {reexecute=0 rethrow=0 return_oop=0}
                      ; - com.sun.tools.javac.jvm.PoolWriter$WriteablePoolHelper::writeConstant@419 (line 418)
                      ;   {runtime_call throw_null_pointer_exception Runtime1 stub}
  0x0000017a8d2f71c8: 735d 07e8 

  0x0000017a8d2f71cc: ; ImmutableOopMap {rdx=Oop }
                      ;*invokevirtual intValue {reexecute=0 rethrow=0 return_oop=0}
                      ; - com.sun.tools.javac.jvm.PoolWriter$WriteablePoolHelper::writeConstant@422 (line 418)
  0x0000017a8d2f71cc: 304b 5d07 

  0x0000017a8d2f71d0: ;   {runtime_call throw_null_pointer_exception Runtime1 stub}
  0x0000017a8d2f71d0: e82b 4b5d 

  0x0000017a8d2f71d4: ; ImmutableOopMap {rdx=Oop }
                      ;*invokevirtual appendInt {reexecute=0 rethrow=0 return_oop=0}
                      ; - com.sun.tools.javac.jvm.PoolWriter$WriteablePoolHelper::writeConstant@425 (line 418)
                      ;   {internal_word}
  0x0000017a8d2f71d4: 0749 ba34 | 692f 8d7a | 0100 004d | 8997 6804 

  0x0000017a8d2f71e4: ;   {runtime_call SafepointBlob}
  0x0000017a8d2f71e4: 0000 e995 

  0x0000017a8d2f71e8: ;   {metadata(nullptr)}
  0x0000017a8d2f71e8: e251 0748 | ba00 0000 | 0000 0000 | 00b8 000f 

  0x0000017a8d2f71f8: ;   {runtime_call load_klass_patching Runtime1 stub}
  0x0000017a8d2f71f8: 050a e881 

  0x0000017a8d2f71fc: ; ImmutableOopMap {}
                      ;*new {reexecute=1 rethrow=0 return_oop=0}
                      ; - (reexecute) com.sun.tools.javac.jvm.PoolWriter$WriteablePoolHelper::writeConstant@814 (line 475)
  0x0000017a8d2f71fc: 935d 07e9 | 44f7 ffff 

  0x0000017a8d2f7204: ;   {runtime_call throw_null_pointer_exception Runtime1 stub}
  0x0000017a8d2f7204: e8f7 4a5d 

  0x0000017a8d2f7208: ; ImmutableOopMap {}
                      ;*new {reexecute=0 rethrow=0 return_oop=0}
                      ; - com.sun.tools.javac.jvm.PoolWriter$WriteablePoolHelper::writeConstant@814 (line 475)
  0x0000017a8d2f7208: 0748 8bd2 

  0x0000017a8d2f720c: ;   {runtime_call fast_new_instance_init_check Runtime1 stub}
  0x0000017a8d2f720c: e8ef 5a5d 

  0x0000017a8d2f7210: ; ImmutableOopMap {}
                      ;*new {reexecute=0 rethrow=0 return_oop=0}
                      ; - com.sun.tools.javac.jvm.PoolWriter$WriteablePoolHelper::writeConstant@814 (line 475)
  0x0000017a8d2f7210: 07e9 97f7 

  0x0000017a8d2f7214: ;   {metadata(nullptr)}
  0x0000017a8d2f7214: ffff 48ba | 0000 0000 | 0000 0000 | b800 0f05 

  0x0000017a8d2f7224: ;   {runtime_call load_klass_patching Runtime1 stub}
  0x0000017a8d2f7224: 0ae8 5693 

  0x0000017a8d2f7228: ; ImmutableOopMap {rax=Oop }
                      ;*new {reexecute=1 rethrow=0 return_oop=0}
                      ; - (reexecute) com.sun.tools.javac.jvm.PoolWriter$WriteablePoolHelper::writeConstant@818 (line 475)
  0x0000017a8d2f7228: 5d07 e981 | f7ff ff48 

  0x0000017a8d2f7230: ;   {runtime_call fast_new_instance Runtime1 stub}
  0x0000017a8d2f7230: 8bd2 e8c9 

  0x0000017a8d2f7234: ; ImmutableOopMap {[536]=Oop }
                      ;*new {reexecute=0 rethrow=0 return_oop=0}
                      ; - com.sun.tools.javac.jvm.PoolWriter$WriteablePoolHelper::writeConstant@818 (line 475)
  0x0000017a8d2f7234: 575d 07e9 | ccf7 ffff 

  0x0000017a8d2f723c: ;   {runtime_call fast_new_instance Runtime1 stub}
  0x0000017a8d2f723c: 488b d2e8 

  0x0000017a8d2f7240: ; ImmutableOopMap {[528]=Oop [536]=Oop }
                      ;*new {reexecute=0 rethrow=0 return_oop=0}
                      ; - java.lang.StringBuilder::toString@0 (line 475)
                      ; - com.sun.tools.javac.jvm.PoolWriter$WriteablePoolHelper::writeConstant@835 (line 475)
  0x0000017a8d2f7240: bc57 5d07 | e973 f8ff 

  0x0000017a8d2f7248: ;   {metadata(nullptr)}
  0x0000017a8d2f7248: ff48 ba00 | 0000 0000 | 0000 00b8 | 000f 050a 

  0x0000017a8d2f7258: ;   {runtime_call load_klass_patching Runtime1 stub}
  0x0000017a8d2f7258: e823 935d 

  0x0000017a8d2f725c: ; ImmutableOopMap {r8=Oop [240]=Oop [248]=Oop }
                      ;*new {reexecute=1 rethrow=0 return_oop=0}
                      ; - (reexecute) com.sun.tools.javac.jvm.PoolWriter$SharedSignatureGenerator::toName@16 (line 331)
                      ; - com.sun.tools.javac.jvm.PoolWriter::typeSig@19 (line 498)
                      ; - com.sun.tools.javac.jvm.PoolWriter::putDescriptor@10 (line 140)
                      ; - com.sun.tools.javac.jvm.PoolWriter$WriteablePoolHelper::writeConstant@614 (line 444)
  0x0000017a8d2f725c: 07e9 d6f8 

  0x0000017a8d2f7260: ;   {runtime_call throw_null_pointer_exception Runtime1 stub}
  0x0000017a8d2f7260: ffff e899 

  0x0000017a8d2f7264: ; ImmutableOopMap {r8=Oop [240]=Oop [248]=Oop }
                      ;*new {reexecute=0 rethrow=0 return_oop=0}
                      ; - com.sun.tools.javac.jvm.PoolWriter$SharedSignatureGenerator::toName@16 (line 331)
                      ; - com.sun.tools.javac.jvm.PoolWriter::typeSig@19 (line 498)
                      ; - com.sun.tools.javac.jvm.PoolWriter::putDescriptor@10 (line 140)
                      ; - com.sun.tools.javac.jvm.PoolWriter$WriteablePoolHelper::writeConstant@614 (line 444)
  0x0000017a8d2f7264: 4a5d 0748 

  0x0000017a8d2f7268: ;   {runtime_call fast_new_instance_init_check Runtime1 stub}
  0x0000017a8d2f7268: 8bd2 e891 

  0x0000017a8d2f726c: ; ImmutableOopMap {r8=Oop [240]=Oop [248]=Oop }
                      ;*new {reexecute=0 rethrow=0 return_oop=0}
                      ; - com.sun.tools.javac.jvm.PoolWriter$SharedSignatureGenerator::toName@16 (line 331)
                      ; - com.sun.tools.javac.jvm.PoolWriter::typeSig@19 (line 498)
                      ; - com.sun.tools.javac.jvm.PoolWriter::putDescriptor@10 (line 140)
                      ; - com.sun.tools.javac.jvm.PoolWriter$WriteablePoolHelper::writeConstant@614 (line 444)
  0x0000017a8d2f726c: 5a5d 07e9 | 29f9 ffff 

  0x0000017a8d2f7274: ;   {metadata(nullptr)}
  0x0000017a8d2f7274: 48ba 0000 | 0000 0000 | 0000 b800 

  0x0000017a8d2f7280: ;   {runtime_call load_klass_patching Runtime1 stub}
  0x0000017a8d2f7280: 0f05 0ae8 

  0x0000017a8d2f7284: ; ImmutableOopMap {r8=Oop [304]=Oop [312]=Oop }
                      ;*new {reexecute=1 rethrow=0 return_oop=0}
                      ; - (reexecute) com.sun.tools.javac.jvm.PoolWriter$SharedSignatureGenerator::toName@16 (line 331)
                      ; - com.sun.tools.javac.jvm.PoolWriter::typeSig@19 (line 498)
                      ; - com.sun.tools.javac.jvm.PoolWriter::putDescriptor@10 (line 140)
                      ; - com.sun.tools.javac.jvm.PoolWriter$WriteablePoolHelper::writeConstant@713 (line 457)
  0x0000017a8d2f7284: f892 5d07 | e95b f9ff 

  0x0000017a8d2f728c: ;   {runtime_call throw_null_pointer_exception Runtime1 stub}
  0x0000017a8d2f728c: ffe8 6e4a 

  0x0000017a8d2f7290: ; ImmutableOopMap {r8=Oop [304]=Oop [312]=Oop }
                      ;*new {reexecute=0 rethrow=0 return_oop=0}
                      ; - com.sun.tools.javac.jvm.PoolWriter$SharedSignatureGenerator::toName@16 (line 331)
                      ; - com.sun.tools.javac.jvm.PoolWriter::typeSig@19 (line 498)
                      ; - com.sun.tools.javac.jvm.PoolWriter::putDescriptor@10 (line 140)
                      ; - com.sun.tools.javac.jvm.PoolWriter$WriteablePoolHelper::writeConstant@713 (line 457)
  0x0000017a8d2f7290: 5d07 488b 

  0x0000017a8d2f7294: ;   {runtime_call fast_new_instance_init_check Runtime1 stub}
  0x0000017a8d2f7294: d2e8 665a 

  0x0000017a8d2f7298: ; ImmutableOopMap {r8=Oop [304]=Oop [312]=Oop }
                      ;*new {reexecute=0 rethrow=0 return_oop=0}
                      ; - com.sun.tools.javac.jvm.PoolWriter$SharedSignatureGenerator::toName@16 (line 331)
                      ; - com.sun.tools.javac.jvm.PoolWriter::typeSig@19 (line 498)
                      ; - com.sun.tools.javac.jvm.PoolWriter::putDescriptor@10 (line 140)
                      ; - com.sun.tools.javac.jvm.PoolWriter$WriteablePoolHelper::writeConstant@713 (line 457)
  0x0000017a8d2f7298: 5d07 e9ae 

  0x0000017a8d2f729c: ;   {metadata(nullptr)}
  0x0000017a8d2f729c: f9ff ff48 | ba00 0000 | 0000 0000 | 00b8 000f 

  0x0000017a8d2f72ac: ;   {runtime_call load_klass_patching Runtime1 stub}
  0x0000017a8d2f72ac: 050a e8cd 

  0x0000017a8d2f72b0: ; ImmutableOopMap {r8=Oop [184]=Oop [320]=Oop }
                      ;*new {reexecute=1 rethrow=0 return_oop=0}
                      ; - (reexecute) com.sun.tools.javac.jvm.PoolWriter$SharedSignatureGenerator::toName@16 (line 331)
                      ; - com.sun.tools.javac.jvm.PoolWriter::typeSig@19 (line 498)
                      ; - com.sun.tools.javac.jvm.PoolWriter$WriteablePoolHelper::writeConstant@124 (line 372)
  0x0000017a8d2f72b0: 925d 07e9 | e0f9 ffff 

  0x0000017a8d2f72b8: ;   {runtime_call throw_null_pointer_exception Runtime1 stub}
  0x0000017a8d2f72b8: e843 4a5d 

  0x0000017a8d2f72bc: ; ImmutableOopMap {r8=Oop [184]=Oop [320]=Oop }
                      ;*new {reexecute=0 rethrow=0 return_oop=0}
                      ; - com.sun.tools.javac.jvm.PoolWriter$SharedSignatureGenerator::toName@16 (line 331)
                      ; - com.sun.tools.javac.jvm.PoolWriter::typeSig@19 (line 498)
                      ; - com.sun.tools.javac.jvm.PoolWriter$WriteablePoolHelper::writeConstant@124 (line 372)
  0x0000017a8d2f72bc: 0748 8bd2 

  0x0000017a8d2f72c0: ;   {runtime_call fast_new_instance_init_check Runtime1 stub}
  0x0000017a8d2f72c0: e83b 5a5d 

  0x0000017a8d2f72c4: ; ImmutableOopMap {r8=Oop [184]=Oop [320]=Oop }
                      ;*new {reexecute=0 rethrow=0 return_oop=0}
                      ; - com.sun.tools.javac.jvm.PoolWriter$SharedSignatureGenerator::toName@16 (line 331)
                      ; - com.sun.tools.javac.jvm.PoolWriter::typeSig@19 (line 498)
                      ; - com.sun.tools.javac.jvm.PoolWriter$WriteablePoolHelper::writeConstant@124 (line 372)
  0x0000017a8d2f72c4: 07e9 33fa | ffff 498b | 8700 0500 | 0049 c787 | 0005 0000 | 0000 0000 | 49c7 8708 | 0500 0000 
  0x0000017a8d2f72e4: 0000 0048 | 81c4 5002 

  0x0000017a8d2f72ec: ;   {runtime_call unwind_exception Runtime1 stub}
  0x0000017a8d2f72ec: 0000 5de9 | 8c56 5c07 | f4f4 f4f4 
[Stub Code]
  0x0000017a8d2f72f8: ;   {no_reloc}
  0x0000017a8d2f72f8: 0f1f 4400 

  0x0000017a8d2f72fc: ;   {static_stub}
  0x0000017a8d2f72fc: 0048 bb00 | 0000 0000 

  0x0000017a8d2f7304: ;   {runtime_call nmethod}
  0x0000017a8d2f7304: 0000 00e9 | fbff ffff 

  0x0000017a8d2f730c: ;   {static_stub}
  0x0000017a8d2f730c: 9048 bb00 | 0000 0000 

  0x0000017a8d2f7314: ;   {runtime_call nmethod}
  0x0000017a8d2f7314: 0000 00e9 | fbff ffff 

  0x0000017a8d2f731c: ;   {static_stub}
  0x0000017a8d2f731c: 9048 bb00 | 0000 0000 

  0x0000017a8d2f7324: ;   {runtime_call nmethod}
  0x0000017a8d2f7324: 0000 00e9 | fbff ffff 

  0x0000017a8d2f732c: ;   {static_stub}
  0x0000017a8d2f732c: 9048 bb00 | 0000 0000 

  0x0000017a8d2f7334: ;   {runtime_call nmethod}
  0x0000017a8d2f7334: 0000 00e9 | fbff ffff 

  0x0000017a8d2f733c: ;   {static_stub}
  0x0000017a8d2f733c: 9048 bb00 | 0000 0000 

  0x0000017a8d2f7344: ;   {runtime_call nmethod}
  0x0000017a8d2f7344: 0000 00e9 | fbff ffff 

  0x0000017a8d2f734c: ;   {static_stub}
  0x0000017a8d2f734c: 9048 bb00 | 0000 0000 

  0x0000017a8d2f7354: ;   {runtime_call nmethod}
  0x0000017a8d2f7354: 0000 00e9 | fbff ffff 

  0x0000017a8d2f735c: ;   {static_stub}
  0x0000017a8d2f735c: 9048 bb00 | 0000 0000 

  0x0000017a8d2f7364: ;   {runtime_call nmethod}
  0x0000017a8d2f7364: 0000 00e9 | fbff ffff 

  0x0000017a8d2f736c: ;   {static_stub}
  0x0000017a8d2f736c: 9048 bb00 | 0000 0000 

  0x0000017a8d2f7374: ;   {runtime_call nmethod}
  0x0000017a8d2f7374: 0000 00e9 | fbff ffff 

  0x0000017a8d2f737c: ;   {static_stub}
  0x0000017a8d2f737c: 9048 bb00 | 0000 0000 

  0x0000017a8d2f7384: ;   {runtime_call nmethod}
  0x0000017a8d2f7384: 0000 00e9 | fbff ffff 

  0x0000017a8d2f738c: ;   {static_stub}
  0x0000017a8d2f738c: 9048 bb00 | 0000 0000 

  0x0000017a8d2f7394: ;   {runtime_call nmethod}
  0x0000017a8d2f7394: 0000 00e9 | fbff ffff 

  0x0000017a8d2f739c: ;   {static_stub}
  0x0000017a8d2f739c: 9048 bb00 | 0000 0000 

  0x0000017a8d2f73a4: ;   {runtime_call nmethod}
  0x0000017a8d2f73a4: 0000 00e9 | fbff ffff 

  0x0000017a8d2f73ac: ;   {static_stub}
  0x0000017a8d2f73ac: 9048 bb00 | 0000 0000 

  0x0000017a8d2f73b4: ;   {runtime_call nmethod}
  0x0000017a8d2f73b4: 0000 00e9 | fbff ffff 

  0x0000017a8d2f73bc: ;   {static_stub}
  0x0000017a8d2f73bc: 9048 bb00 | 0000 0000 

  0x0000017a8d2f73c4: ;   {runtime_call nmethod}
  0x0000017a8d2f73c4: 0000 00e9 | fbff ffff 

  0x0000017a8d2f73cc: ;   {static_stub}
  0x0000017a8d2f73cc: 9048 bb00 | 0000 0000 

  0x0000017a8d2f73d4: ;   {runtime_call nmethod}
  0x0000017a8d2f73d4: 0000 00e9 | fbff ffff 

  0x0000017a8d2f73dc: ;   {static_stub}
  0x0000017a8d2f73dc: 9048 bb00 | 0000 0000 

  0x0000017a8d2f73e4: ;   {runtime_call nmethod}
  0x0000017a8d2f73e4: 0000 00e9 | fbff ffff 

  0x0000017a8d2f73ec: ;   {static_stub}
  0x0000017a8d2f73ec: 9048 bb18 | 2233 e77a 

  0x0000017a8d2f73f4: ;   {runtime_call I2C/C2I adapters}
  0x0000017a8d2f73f4: 0100 00e9 | ebcb 5107 

  0x0000017a8d2f73fc: ;   {static_stub}
  0x0000017a8d2f73fc: 9048 bb00 | 0000 0000 

  0x0000017a8d2f7404: ;   {runtime_call nmethod}
  0x0000017a8d2f7404: 0000 00e9 | fbff ffff 

  0x0000017a8d2f740c: ;   {static_stub}
  0x0000017a8d2f740c: 9048 bb00 | 0000 0000 

  0x0000017a8d2f7414: ;   {runtime_call nmethod}
  0x0000017a8d2f7414: 0000 00e9 | fbff ffff 

  0x0000017a8d2f741c: ;   {static_stub}
  0x0000017a8d2f741c: 9048 bb00 | 0000 0000 

  0x0000017a8d2f7424: ;   {runtime_call nmethod}
  0x0000017a8d2f7424: 0000 00e9 | fbff ffff 

  0x0000017a8d2f742c: ;   {static_stub}
  0x0000017a8d2f742c: 9048 bb00 | 0000 0000 

  0x0000017a8d2f7434: ;   {runtime_call nmethod}
  0x0000017a8d2f7434: 0000 00e9 | fbff ffff 

  0x0000017a8d2f743c: ;   {static_stub}
  0x0000017a8d2f743c: 9048 bb00 | 0000 0000 

  0x0000017a8d2f7444: ;   {runtime_call nmethod}
  0x0000017a8d2f7444: 0000 00e9 | fbff ffff 

  0x0000017a8d2f744c: ;   {static_stub}
  0x0000017a8d2f744c: 9048 bb00 | 0000 0000 

  0x0000017a8d2f7454: ;   {runtime_call nmethod}
  0x0000017a8d2f7454: 0000 00e9 | fbff ffff 

  0x0000017a8d2f745c: ;   {static_stub}
  0x0000017a8d2f745c: 9048 bb00 | 0000 0000 

  0x0000017a8d2f7464: ;   {runtime_call nmethod}
  0x0000017a8d2f7464: 0000 00e9 | fbff ffff 

  0x0000017a8d2f746c: ;   {static_stub}
  0x0000017a8d2f746c: 9048 bb78 | cb5f e77a 

  0x0000017a8d2f7474: ;   {runtime_call I2C/C2I adapters}
  0x0000017a8d2f7474: 0100 00e9 | 6bcb 5107 

  0x0000017a8d2f747c: ;   {static_stub}
  0x0000017a8d2f747c: 9048 bb10 | e55f e77a 

  0x0000017a8d2f7484: ;   {runtime_call I2C/C2I adapters}
  0x0000017a8d2f7484: 0100 00e9 | 5bcb 5107 

  0x0000017a8d2f748c: ;   {static_stub}
  0x0000017a8d2f748c: 9048 bb20 | 1d36 e77a 

  0x0000017a8d2f7494: ;   {runtime_call I2C/C2I adapters}
  0x0000017a8d2f7494: 0100 00e9 | 4bcb 5107 

  0x0000017a8d2f749c: ;   {static_stub}
  0x0000017a8d2f749c: 9048 bb00 | 0000 0000 

  0x0000017a8d2f74a4: ;   {runtime_call nmethod}
  0x0000017a8d2f74a4: 0000 00e9 | fbff ffff 

  0x0000017a8d2f74ac: ;   {static_stub}
  0x0000017a8d2f74ac: 9048 bb10 | e55f e77a 

  0x0000017a8d2f74b4: ;   {runtime_call I2C/C2I adapters}
  0x0000017a8d2f74b4: 0100 00e9 | 2bcb 5107 

  0x0000017a8d2f74bc: ;   {static_stub}
  0x0000017a8d2f74bc: 9048 bb20 | 1d36 e77a 

  0x0000017a8d2f74c4: ;   {runtime_call I2C/C2I adapters}
  0x0000017a8d2f74c4: 0100 00e9 | 1bcb 5107 

  0x0000017a8d2f74cc: ;   {static_stub}
  0x0000017a8d2f74cc: 9048 bb00 | 0000 0000 

  0x0000017a8d2f74d4: ;   {runtime_call nmethod}
  0x0000017a8d2f74d4: 0000 00e9 | fbff ffff 

  0x0000017a8d2f74dc: ;   {static_stub}
  0x0000017a8d2f74dc: 9048 bb00 | 0000 0000 

  0x0000017a8d2f74e4: ;   {runtime_call nmethod}
  0x0000017a8d2f74e4: 0000 00e9 | fbff ffff 

  0x0000017a8d2f74ec: ;   {static_stub}
  0x0000017a8d2f74ec: 9048 bbf8 | c85f e77a 

  0x0000017a8d2f74f4: ;   {runtime_call I2C/C2I adapters}
  0x0000017a8d2f74f4: 0100 00e9 | ebca 5107 

  0x0000017a8d2f74fc: ;   {static_stub}
  0x0000017a8d2f74fc: 9048 bb00 | 0000 0000 

  0x0000017a8d2f7504: ;   {runtime_call nmethod}
  0x0000017a8d2f7504: 0000 00e9 | fbff ffff 

  0x0000017a8d2f750c: ;   {static_stub}
  0x0000017a8d2f750c: 9048 bb00 | 0000 0000 

  0x0000017a8d2f7514: ;   {runtime_call nmethod}
  0x0000017a8d2f7514: 0000 00e9 | fbff ffff 

  0x0000017a8d2f751c: ;   {static_stub}
  0x0000017a8d2f751c: 9048 bb00 | 0000 0000 

  0x0000017a8d2f7524: ;   {runtime_call nmethod}
  0x0000017a8d2f7524: 0000 00e9 | fbff ffff 

  0x0000017a8d2f752c: ;   {static_stub}
  0x0000017a8d2f752c: 9048 bb00 | 0000 0000 

  0x0000017a8d2f7534: ;   {runtime_call nmethod}
  0x0000017a8d2f7534: 0000 00e9 | fbff ffff 

  0x0000017a8d2f753c: ;   {static_stub}
  0x0000017a8d2f753c: 9048 bb00 | 0000 0000 

  0x0000017a8d2f7544: ;   {runtime_call nmethod}
  0x0000017a8d2f7544: 0000 00e9 | fbff ffff 

  0x0000017a8d2f754c: ;   {static_stub}
  0x0000017a8d2f754c: 9048 bb00 | 0000 0000 

  0x0000017a8d2f7554: ;   {runtime_call nmethod}
  0x0000017a8d2f7554: 0000 00e9 | fbff ffff 

  0x0000017a8d2f755c: ;   {static_stub}
  0x0000017a8d2f755c: 9048 bb00 | 0000 0000 

  0x0000017a8d2f7564: ;   {runtime_call nmethod}
  0x0000017a8d2f7564: 0000 00e9 | fbff ffff 

  0x0000017a8d2f756c: ;   {static_stub}
  0x0000017a8d2f756c: 9048 bb00 | 0000 0000 

  0x0000017a8d2f7574: ;   {runtime_call nmethod}
  0x0000017a8d2f7574: 0000 00e9 | fbff ffff 

  0x0000017a8d2f757c: ;   {static_stub}
  0x0000017a8d2f757c: 9048 bb00 | 0000 0000 

  0x0000017a8d2f7584: ;   {runtime_call nmethod}
  0x0000017a8d2f7584: 0000 00e9 | fbff ffff 

  0x0000017a8d2f758c: ;   {static_stub}
  0x0000017a8d2f758c: 9048 bbf8 | c85f e77a 

  0x0000017a8d2f7594: ;   {runtime_call I2C/C2I adapters}
  0x0000017a8d2f7594: 0100 00e9 | 4bca 5107 

  0x0000017a8d2f759c: ;   {static_stub}
  0x0000017a8d2f759c: 9048 bb00 | 0000 0000 

  0x0000017a8d2f75a4: ;   {runtime_call nmethod}
  0x0000017a8d2f75a4: 0000 00e9 | fbff ffff 

  0x0000017a8d2f75ac: ;   {static_stub}
  0x0000017a8d2f75ac: 9048 bb00 | 0000 0000 

  0x0000017a8d2f75b4: ;   {runtime_call nmethod}
  0x0000017a8d2f75b4: 0000 00e9 | fbff ffff 

  0x0000017a8d2f75bc: ;   {static_stub}
  0x0000017a8d2f75bc: 9048 bb00 | 0000 0000 

  0x0000017a8d2f75c4: ;   {runtime_call nmethod}
  0x0000017a8d2f75c4: 0000 00e9 | fbff ffff 

  0x0000017a8d2f75cc: ;   {static_stub}
  0x0000017a8d2f75cc: 9048 bb00 | 0000 0000 

  0x0000017a8d2f75d4: ;   {runtime_call nmethod}
  0x0000017a8d2f75d4: 0000 00e9 | fbff ffff 

  0x0000017a8d2f75dc: ;   {static_stub}
  0x0000017a8d2f75dc: 9048 bb00 | 0000 0000 

  0x0000017a8d2f75e4: ;   {runtime_call nmethod}
  0x0000017a8d2f75e4: 0000 00e9 | fbff ffff 

  0x0000017a8d2f75ec: ;   {static_stub}
  0x0000017a8d2f75ec: 9048 bb00 | 0000 0000 

  0x0000017a8d2f75f4: ;   {runtime_call nmethod}
  0x0000017a8d2f75f4: 0000 00e9 | fbff ffff 

  0x0000017a8d2f75fc: ;   {static_stub}
  0x0000017a8d2f75fc: 9048 bb48 | 1e03 e87a 

  0x0000017a8d2f7604: ;   {runtime_call I2C/C2I adapters}
  0x0000017a8d2f7604: 0100 00e9 | 57be 5107 

  0x0000017a8d2f760c: ;   {static_stub}
  0x0000017a8d2f760c: 9048 bb00 | 0000 0000 

  0x0000017a8d2f7614: ;   {runtime_call nmethod}
  0x0000017a8d2f7614: 0000 00e9 | fbff ffff 

  0x0000017a8d2f761c: ;   {static_stub}
  0x0000017a8d2f761c: 9048 bb00 | 0000 0000 

  0x0000017a8d2f7624: ;   {runtime_call nmethod}
  0x0000017a8d2f7624: 0000 00e9 | fbff ffff 

  0x0000017a8d2f762c: ;   {static_stub}
  0x0000017a8d2f762c: 9048 bb18 | 2233 e77a 

  0x0000017a8d2f7634: ;   {runtime_call I2C/C2I adapters}
  0x0000017a8d2f7634: 0100 00e9 | abc9 5107 

  0x0000017a8d2f763c: ;   {static_stub}
  0x0000017a8d2f763c: 9048 bb00 | 0000 0000 

  0x0000017a8d2f7644: ;   {runtime_call nmethod}
  0x0000017a8d2f7644: 0000 00e9 | fbff ffff 

  0x0000017a8d2f764c: ;   {static_stub}
  0x0000017a8d2f764c: 9048 bb00 | 0000 0000 

  0x0000017a8d2f7654: ;   {runtime_call nmethod}
  0x0000017a8d2f7654: 0000 00e9 | fbff ffff 

  0x0000017a8d2f765c: ;   {static_stub}
  0x0000017a8d2f765c: 9048 bb00 | 0000 0000 

  0x0000017a8d2f7664: ;   {runtime_call nmethod}
  0x0000017a8d2f7664: 0000 00e9 | fbff ffff 

  0x0000017a8d2f766c: ;   {static_stub}
  0x0000017a8d2f766c: 9048 bb00 | 0000 0000 

  0x0000017a8d2f7674: ;   {runtime_call nmethod}
  0x0000017a8d2f7674: 0000 00e9 | fbff ffff 

  0x0000017a8d2f767c: ;   {static_stub}
  0x0000017a8d2f767c: 9048 bb00 | 0000 0000 

  0x0000017a8d2f7684: ;   {runtime_call nmethod}
  0x0000017a8d2f7684: 0000 00e9 | fbff ffff 

  0x0000017a8d2f768c: ;   {static_stub}
  0x0000017a8d2f768c: 9048 bb00 | 0000 0000 

  0x0000017a8d2f7694: ;   {runtime_call nmethod}
  0x0000017a8d2f7694: 0000 00e9 | fbff ffff 

  0x0000017a8d2f769c: ;   {static_stub}
  0x0000017a8d2f769c: 9048 bb00 | 0000 0000 

  0x0000017a8d2f76a4: ;   {runtime_call nmethod}
  0x0000017a8d2f76a4: 0000 00e9 | fbff ffff 

  0x0000017a8d2f76ac: ;   {static_stub}
  0x0000017a8d2f76ac: 9048 bb00 | 0000 0000 

  0x0000017a8d2f76b4: ;   {runtime_call nmethod}
  0x0000017a8d2f76b4: 0000 00e9 | fbff ffff 

  0x0000017a8d2f76bc: ;   {static_stub}
  0x0000017a8d2f76bc: 9048 bb00 | 0000 0000 

  0x0000017a8d2f76c4: ;   {runtime_call nmethod}
  0x0000017a8d2f76c4: 0000 00e9 | fbff ffff 

  0x0000017a8d2f76cc: ;   {static_stub}
  0x0000017a8d2f76cc: 9048 bb00 | 0000 0000 

  0x0000017a8d2f76d4: ;   {runtime_call nmethod}
  0x0000017a8d2f76d4: 0000 00e9 | fbff ffff 

  0x0000017a8d2f76dc: ;   {static_stub}
  0x0000017a8d2f76dc: 9048 bb00 | 0000 0000 

  0x0000017a8d2f76e4: ;   {runtime_call nmethod}
  0x0000017a8d2f76e4: 0000 00e9 | fbff ffff 

  0x0000017a8d2f76ec: ;   {static_stub}
  0x0000017a8d2f76ec: 9048 bb00 | 0000 0000 

  0x0000017a8d2f76f4: ;   {runtime_call nmethod}
  0x0000017a8d2f76f4: 0000 00e9 | fbff ffff 

  0x0000017a8d2f76fc: ;   {static_stub}
  0x0000017a8d2f76fc: 9048 bb00 | 0000 0000 

  0x0000017a8d2f7704: ;   {runtime_call nmethod}
  0x0000017a8d2f7704: 0000 00e9 | fbff ffff 

  0x0000017a8d2f770c: ;   {static_stub}
  0x0000017a8d2f770c: 9048 bb00 | 0000 0000 

  0x0000017a8d2f7714: ;   {runtime_call nmethod}
  0x0000017a8d2f7714: 0000 00e9 | fbff ffff 

  0x0000017a8d2f771c: ;   {static_stub}
  0x0000017a8d2f771c: 9048 bb00 | 0000 0000 

  0x0000017a8d2f7724: ;   {runtime_call nmethod}
  0x0000017a8d2f7724: 0000 00e9 | fbff ffff 

  0x0000017a8d2f772c: ;   {static_stub}
  0x0000017a8d2f772c: 9048 bb00 | 0000 0000 

  0x0000017a8d2f7734: ;   {runtime_call nmethod}
  0x0000017a8d2f7734: 0000 00e9 | fbff ffff 

  0x0000017a8d2f773c: ;   {static_stub}
  0x0000017a8d2f773c: 48bb 70cd | 5fe7 7a01 

  0x0000017a8d2f7744: ;   {runtime_call I2C/C2I adapters}
  0x0000017a8d2f7744: 0000 e99c 

  0x0000017a8d2f7748: ;   {static_stub}
  0x0000017a8d2f7748: c851 0748 | bb00 0000 | 0000 0000 

  0x0000017a8d2f7754: ;   {runtime_call nmethod}
  0x0000017a8d2f7754: 00e9 fbff 

  0x0000017a8d2f7758: ;   {static_stub}
  0x0000017a8d2f7758: ffff 48bb | 0000 0000 | 0000 0000 

  0x0000017a8d2f7764: ;   {runtime_call nmethod}
  0x0000017a8d2f7764: e9fb ffff 

  0x0000017a8d2f7768: ;   {static_stub}
  0x0000017a8d2f7768: ff48 bb00 | 0000 0000 

  0x0000017a8d2f7770: ;   {runtime_call nmethod}
  0x0000017a8d2f7770: 0000 00e9 | fbff ffff 

  0x0000017a8d2f7778: ;   {static_stub}
  0x0000017a8d2f7778: 48bb 0000 | 0000 0000 

  0x0000017a8d2f7780: ;   {runtime_call nmethod}
  0x0000017a8d2f7780: 0000 e9fb 

  0x0000017a8d2f7784: ;   {static_stub}
  0x0000017a8d2f7784: ffff ff48 | bb00 0000 | 0000 0000 

  0x0000017a8d2f7790: ;   {runtime_call nmethod}
  0x0000017a8d2f7790: 00e9 fbff 

  0x0000017a8d2f7794: ;   {static_stub}
  0x0000017a8d2f7794: ffff 48bb | 0000 0000 | 0000 0000 

  0x0000017a8d2f77a0: ;   {runtime_call nmethod}
  0x0000017a8d2f77a0: e9fb ffff 

  0x0000017a8d2f77a4: ;   {static_stub}
  0x0000017a8d2f77a4: ff48 bb00 | 0000 0000 

  0x0000017a8d2f77ac: ;   {runtime_call nmethod}
  0x0000017a8d2f77ac: 0000 00e9 | fbff ffff 
[Exception Handler]
  0x0000017a8d2f77b4: ;   {runtime_call handle_exception_from_callee Runtime1 stub}
  0x0000017a8d2f77b4: e847 675d 

  0x0000017a8d2f77b8: ;   {external_word}
  0x0000017a8d2f77b8: 0748 b9b0 | 138a 51fd | 7f00 0048 

  0x0000017a8d2f77c4: ;   {runtime_call}
  0x0000017a8d2f77c4: 83e4 f048 | b830 724c | 51fd 7f00 | 00ff d0f4 
[Deopt Handler Code]
  0x0000017a8d2f77d4: ;   {section_word}
  0x0000017a8d2f77d4: 49ba d477 | 2f8d 7a01 | 0000 4152 

  0x0000017a8d2f77e0: ;   {runtime_call DeoptimizationBlob}
  0x0000017a8d2f77e0: e93b cf51 | 07f4 f4f4 
[/MachCode]


---------------  P R O C E S S  ---------------

Threads class SMR info:
_java_thread_list=0x0000017aea838080, length=14, elements={
0x0000017a84b62de0, 0x0000017aa44296a0, 0x0000017aa442a5c0, 0x0000017aa442c230,
0x0000017aa442ce90, 0x0000017aa442f900, 0x0000017aa4431370, 0x0000017aa443c3a0,
0x0000017aa443ee50, 0x0000017aa45a9330, 0x0000017aa45aa990, 0x0000017aea28fb20,
0x0000017aea49c820, 0x0000017aeae3d920
}

Java Threads: ( => current thread )
=>0x0000017a84b62de0 JavaThread "main"                              [_thread_in_Java, id=11408, stack(0x00000059a8f00000,0x00000059a9000000) (1024K)]
  0x0000017aa44296a0 JavaThread "Reference Handler"          daemon [_thread_blocked, id=15608, stack(0x00000059a9700000,0x00000059a9800000) (1024K)]
  0x0000017aa442a5c0 JavaThread "Finalizer"                  daemon [_thread_blocked, id=14696, stack(0x00000059a9800000,0x00000059a9900000) (1024K)]
  0x0000017aa442c230 JavaThread "Signal Dispatcher"          daemon [_thread_blocked, id=11548, stack(0x00000059a9900000,0x00000059a9a00000) (1024K)]
  0x0000017aa442ce90 JavaThread "Attach Listener"            daemon [_thread_blocked, id=16224, stack(0x00000059a9a00000,0x00000059a9b00000) (1024K)]
  0x0000017aa442f900 JavaThread "Service Thread"             daemon [_thread_blocked, id=17396, stack(0x00000059a9b00000,0x00000059a9c00000) (1024K)]
  0x0000017aa4431370 JavaThread "Monitor Deflation Thread"   daemon [_thread_blocked, id=25540, stack(0x00000059a9c00000,0x00000059a9d00000) (1024K)]
  0x0000017aa443c3a0 JavaThread "C2 CompilerThread0"         daemon [_thread_in_native, id=18184, stack(0x00000059a9d00000,0x00000059a9e00000) (1024K)]
  0x0000017aa443ee50 JavaThread "C1 CompilerThread0"         daemon [_thread_blocked, id=19352, stack(0x00000059a9e00000,0x00000059a9f00000) (1024K)]
  0x0000017aa45a9330 JavaThread "Notification Thread"        daemon [_thread_blocked, id=23596, stack(0x00000059a9f00000,0x00000059aa000000) (1024K)]
  0x0000017aa45aa990 JavaThread "Common-Cleaner"             daemon [_thread_blocked, id=14500, stack(0x00000059aa000000,0x00000059aa100000) (1024K)]
  0x0000017aea28fb20 JavaThread "C2 CompilerThread1"         daemon [_thread_in_native, id=24444, stack(0x00000059aa100000,0x00000059aa200000) (1024K)]
  0x0000017aea49c820 JavaThread "C2 CompilerThread2"         daemon [_thread_in_native, id=24716, stack(0x00000059aa200000,0x00000059aa300000) (1024K)]
  0x0000017aeae3d920 JavaThread "Thread-1"                   daemon [_thread_blocked, id=11060, stack(0x00000059aac00000,0x00000059aad00000) (1024K)]
Total: 14

Other Threads:
  0x0000017aa440a3d0 VMThread "VM Thread"                           [id=19388, stack(0x00000059a9600000,0x00000059a9700000) (1024K)]
  0x0000017aa43f9e60 WatcherThread "VM Periodic Task Thread"        [id=19476, stack(0x00000059a9500000,0x00000059a9600000) (1024K)]
  0x0000017a84bc5eb0 WorkerThread "GC Thread#0"                     [id=5244, stack(0x00000059a9000000,0x00000059a9100000) (1024K)]
  0x0000017aea49d240 WorkerThread "GC Thread#1"                     [id=24876, stack(0x00000059aa300000,0x00000059aa400000) (1024K)]
  0x0000017aea49d5f0 WorkerThread "GC Thread#2"                     [id=2764, stack(0x00000059aa400000,0x00000059aa500000) (1024K)]
  0x0000017aea884020 WorkerThread "GC Thread#3"                     [id=13284, stack(0x00000059aa500000,0x00000059aa600000) (1024K)]
  0x0000017aea8843d0 WorkerThread "GC Thread#4"                     [id=15344, stack(0x00000059aa600000,0x00000059aa700000) (1024K)]
  0x0000017aea884780 WorkerThread "GC Thread#5"                     [id=18116, stack(0x00000059aa700000,0x00000059aa800000) (1024K)]
  0x0000017aea884f30 WorkerThread "GC Thread#6"                     [id=9840, stack(0x00000059aa800000,0x00000059aa900000) (1024K)]
  0x0000017aea78e0b0 WorkerThread "GC Thread#7"                     [id=17276, stack(0x00000059aa900000,0x00000059aaa00000) (1024K)]
  0x0000017aeacdedf0 WorkerThread "GC Thread#8"                     [id=17372, stack(0x00000059aaa00000,0x00000059aab00000) (1024K)]
  0x0000017aea83f1f0 WorkerThread "GC Thread#9"                     [id=14568, stack(0x00000059aab00000,0x00000059aac00000) (1024K)]
  0x0000017a84bd6d70 ConcurrentGCThread "G1 Main Marker"            [id=22424, stack(0x00000059a9100000,0x00000059a9200000) (1024K)]
  0x0000017a84bd7a30 WorkerThread "G1 Conc#0"                       [id=16316, stack(0x00000059a9200000,0x00000059a9300000) (1024K)]
  0x0000017aea8dcde0 WorkerThread "G1 Conc#1"                       [id=13852, stack(0x00000059aad00000,0x00000059aae00000) (1024K)]
  0x0000017aea8dc680 WorkerThread "G1 Conc#2"                       [id=3916, stack(0x00000059aae00000,0x00000059aaf00000) (1024K)]
  0x0000017aa42bfab0 ConcurrentGCThread "G1 Refine#0"               [id=10136, stack(0x00000059a9300000,0x00000059a9400000) (1024K)]
  0x0000017aa42c0630 ConcurrentGCThread "G1 Service"                [id=21732, stack(0x00000059a9400000,0x00000059a9500000) (1024K)]
Total: 18

Threads with active compile tasks:
C2 CompilerThread0  5376 7787   !   4       lombok.core.AST::buildWithField0 (121 bytes)
C2 CompilerThread1  5376 7778       4       lombok.core.AST::buildWithField (21 bytes)
C2 CompilerThread2  5376 7786   !   4       lombok.javac.JavacAST::drill (146 bytes)
Total: 3

VM state: not at safepoint (normal execution)

VM Mutex/Monitor currently owned by a thread: None

Heap address: 0x0000000701200000, size: 4078 MB, Compressed Oops mode: Zero based, Oop shift amount: 3

CDS archive(s) mapped at: [0x0000017aa5000000-0x0000017aa5c80000-0x0000017aa5c80000), size 13107200, SharedBaseAddress: 0x0000017aa5000000, ArchiveRelocationMode: 1.
Compressed class space mapped at: 0x0000017aa6000000-0x0000017ae6000000, reserved size: 1073741824
Narrow klass base: 0x0000017aa5000000, Narrow klass shift: 0, Narrow klass range: 0x100000000

GC Precious Log:
 CardTable entry size: 512
 Card Set container configuration: InlinePtr #cards 4 size 8 Array Of Cards #cards 16 size 48 Howl #buckets 8 coarsen threshold 3686 Howl Bitmap #cards 512 size 80 coarsen threshold 460 Card regions per heap region 1 cards per card region 4096
 CPUs: 12 total, 12 available
 Memory: 16310M
 Large Page Support: Disabled
 NUMA Support: Disabled
 Compressed Oops: Enabled (Zero based)
 Heap Region Size: 2M
 Heap Min Capacity: 8M
 Heap Initial Capacity: 256M
 Heap Max Capacity: 4078M
 Pre-touch: Disabled
 Parallel Workers: 10
 Concurrent Workers: 3
 Concurrent Refinement Workers: 10
 Periodic GC: Disabled

Heap:
 garbage-first heap   total 98304K, used 75287K [0x0000000701200000, 0x0000000800000000)
  region size 2048K, 20 young (40960K), 3 survivors (6144K)
 Metaspace       used 37617K, committed 38144K, reserved 1114112K
  class space    used 4435K, committed 4672K, reserved 1048576K

Heap Regions: E=young(eden), S=young(survivor), O=old, HS=humongous(starts), HC=humongous(continues), CS=collection set, F=free, TAMS=top-at-mark-start, PB=parsable bottom
|   0|0x0000000701200000, 0x0000000701400000, 0x0000000701400000|100%| O|  |TAMS 0x0000000701200000| PB 0x0000000701200000| Untracked 
|   1|0x0000000701400000, 0x0000000701600000, 0x0000000701600000|100%| O|  |TAMS 0x0000000701400000| PB 0x0000000701400000| Untracked 
|   2|0x0000000701600000, 0x0000000701800000, 0x0000000701800000|100%| O|  |TAMS 0x0000000701600000| PB 0x0000000701600000| Untracked 
|   3|0x0000000701800000, 0x0000000701a00000, 0x0000000701a00000|100%|HS|  |TAMS 0x0000000701800000| PB 0x0000000701800000| Complete 
|   4|0x0000000701a00000, 0x0000000701c00000, 0x0000000701c00000|100%| O|  |TAMS 0x0000000701a00000| PB 0x0000000701a00000| Untracked 
|   5|0x0000000701c00000, 0x0000000701e00000, 0x0000000701e00000|100%| O|  |TAMS 0x0000000701c00000| PB 0x0000000701c00000| Untracked 
|   6|0x0000000701e00000, 0x0000000702000000, 0x0000000702000000|100%| O|  |TAMS 0x0000000701e00000| PB 0x0000000701e00000| Untracked 
|   7|0x0000000702000000, 0x0000000702200000, 0x0000000702200000|100%| O|  |TAMS 0x0000000702000000| PB 0x0000000702000000| Untracked 
|   8|0x0000000702200000, 0x0000000702400000, 0x0000000702400000|100%| O|  |TAMS 0x0000000702200000| PB 0x0000000702200000| Untracked 
|   9|0x0000000702400000, 0x0000000702600000, 0x0000000702600000|100%| O|  |TAMS 0x0000000702400000| PB 0x0000000702400000| Untracked 
|  10|0x0000000702600000, 0x0000000702800000, 0x0000000702800000|100%| O|  |TAMS 0x0000000702600000| PB 0x0000000702600000| Untracked 
|  11|0x0000000702800000, 0x0000000702800000, 0x0000000702a00000|  0%| F|  |TAMS 0x0000000702800000| PB 0x0000000702800000| Untracked 
|  12|0x0000000702a00000, 0x0000000702c00000, 0x0000000702c00000|100%| O|  |TAMS 0x0000000702a00000| PB 0x0000000702a00000| Untracked 
|  13|0x0000000702c00000, 0x0000000702e00000, 0x0000000702e00000|100%| O|  |TAMS 0x0000000702c00000| PB 0x0000000702c00000| Untracked 
|  14|0x0000000702e00000, 0x0000000703000000, 0x0000000703000000|100%| O|  |TAMS 0x0000000702e00000| PB 0x0000000702e00000| Untracked 
|  15|0x0000000703000000, 0x0000000703200000, 0x0000000703200000|100%| O|  |TAMS 0x0000000703000000| PB 0x0000000703000000| Untracked 
|  16|0x0000000703200000, 0x0000000703400000, 0x0000000703400000|100%| O|Cm|TAMS 0x0000000703200000| PB 0x0000000703200000| Complete 
|  17|0x0000000703400000, 0x0000000703600000, 0x0000000703600000|100%| O|  |TAMS 0x0000000703400000| PB 0x0000000703400000| Untracked 
|  18|0x0000000703600000, 0x0000000703800000, 0x0000000703800000|100%| O|  |TAMS 0x0000000703600000| PB 0x0000000703600000| Untracked 
|  19|0x0000000703800000, 0x0000000703860890, 0x0000000703a00000| 18%| O|  |TAMS 0x0000000703800000| PB 0x0000000703800000| Untracked 
|  20|0x0000000703a00000, 0x0000000703a00000, 0x0000000703c00000|  0%| F|  |TAMS 0x0000000703a00000| PB 0x0000000703a00000| Untracked 
|  21|0x0000000703c00000, 0x0000000703c00000, 0x0000000703e00000|  0%| F|  |TAMS 0x0000000703c00000| PB 0x0000000703c00000| Untracked 
|  22|0x0000000703e00000, 0x0000000703e00000, 0x0000000704000000|  0%| F|  |TAMS 0x0000000703e00000| PB 0x0000000703e00000| Untracked 
|  23|0x0000000704000000, 0x0000000704000000, 0x0000000704200000|  0%| F|  |TAMS 0x0000000704000000| PB 0x0000000704000000| Untracked 
|  24|0x0000000704200000, 0x0000000704200000, 0x0000000704400000|  0%| F|  |TAMS 0x0000000704200000| PB 0x0000000704200000| Untracked 
|  25|0x0000000704400000, 0x0000000704400000, 0x0000000704600000|  0%| F|  |TAMS 0x0000000704400000| PB 0x0000000704400000| Untracked 
|  26|0x0000000704600000, 0x0000000704600000, 0x0000000704800000|  0%| F|  |TAMS 0x0000000704600000| PB 0x0000000704600000| Untracked 
|  27|0x0000000704800000, 0x00000007049255c0, 0x0000000704a00000| 57%| S|CS|TAMS 0x0000000704800000| PB 0x0000000704800000| Complete 
|  28|0x0000000704a00000, 0x0000000704c00000, 0x0000000704c00000|100%| S|CS|TAMS 0x0000000704a00000| PB 0x0000000704a00000| Complete 
|  29|0x0000000704c00000, 0x0000000704e00000, 0x0000000704e00000|100%| S|CS|TAMS 0x0000000704c00000| PB 0x0000000704c00000| Complete 
|  30|0x0000000704e00000, 0x0000000704e00000, 0x0000000705000000|  0%| F|  |TAMS 0x0000000704e00000| PB 0x0000000704e00000| Untracked 
|  31|0x0000000705000000, 0x00000007051f94d0, 0x0000000705200000| 98%| E|  |TAMS 0x0000000705000000| PB 0x0000000705000000| Complete 
|  32|0x0000000705200000, 0x0000000705400000, 0x0000000705400000|100%| E|CS|TAMS 0x0000000705200000| PB 0x0000000705200000| Complete 
|  33|0x0000000705400000, 0x0000000705600000, 0x0000000705600000|100%| E|CS|TAMS 0x0000000705400000| PB 0x0000000705400000| Complete 
|  34|0x0000000705600000, 0x0000000705800000, 0x0000000705800000|100%| E|CS|TAMS 0x0000000705600000| PB 0x0000000705600000| Complete 
|  35|0x0000000705800000, 0x0000000705a00000, 0x0000000705a00000|100%| E|CS|TAMS 0x0000000705800000| PB 0x0000000705800000| Complete 
|  36|0x0000000705a00000, 0x0000000705c00000, 0x0000000705c00000|100%| E|CS|TAMS 0x0000000705a00000| PB 0x0000000705a00000| Complete 
|  37|0x0000000705c00000, 0x0000000705e00000, 0x0000000705e00000|100%| E|CS|TAMS 0x0000000705c00000| PB 0x0000000705c00000| Complete 
|  38|0x0000000705e00000, 0x0000000706000000, 0x0000000706000000|100%| E|CS|TAMS 0x0000000705e00000| PB 0x0000000705e00000| Complete 
|  39|0x0000000706000000, 0x0000000706200000, 0x0000000706200000|100%| E|CS|TAMS 0x0000000706000000| PB 0x0000000706000000| Complete 
|  40|0x0000000706200000, 0x0000000706400000, 0x0000000706400000|100%| E|CS|TAMS 0x0000000706200000| PB 0x0000000706200000| Complete 
|  41|0x0000000706400000, 0x0000000706600000, 0x0000000706600000|100%| E|CS|TAMS 0x0000000706400000| PB 0x0000000706400000| Complete 
|  42|0x0000000706600000, 0x0000000706800000, 0x0000000706800000|100%| E|CS|TAMS 0x0000000706600000| PB 0x0000000706600000| Complete 
|  43|0x0000000706800000, 0x0000000706a00000, 0x0000000706a00000|100%| E|CS|TAMS 0x0000000706800000| PB 0x0000000706800000| Complete 
|  44|0x0000000706a00000, 0x0000000706c00000, 0x0000000706c00000|100%| E|CS|TAMS 0x0000000706a00000| PB 0x0000000706a00000| Complete 
|  45|0x0000000706c00000, 0x0000000706e00000, 0x0000000706e00000|100%| E|CS|TAMS 0x0000000706c00000| PB 0x0000000706c00000| Complete 
| 126|0x0000000710e00000, 0x0000000711000000, 0x0000000711000000|100%| E|CS|TAMS 0x0000000710e00000| PB 0x0000000710e00000| Complete 
| 127|0x0000000711000000, 0x0000000711200000, 0x0000000711200000|100%| E|CS|TAMS 0x0000000711000000| PB 0x0000000711000000| Complete 

Card table byte_map: [0x0000017a9cfe0000,0x0000017a9d7e0000] _byte_map_base: 0x0000017a997d7000

Marking Bits: (CMBitMap*) 0x0000017a84bc65c0
 Bits: [0x0000017a9d7e0000, 0x0000017aa1798000)

Polling page: 0x0000017a84330000

Metaspace:

Usage:
  Non-class:     32.40 MB used.
      Class:      4.33 MB used.
       Both:     36.74 MB used.

Virtual space:
  Non-class space:       64.00 MB reserved,      32.69 MB ( 51%) committed,  1 nodes.
      Class space:        1.00 GB reserved,       4.56 MB ( <1%) committed,  1 nodes.
             Both:        1.06 GB reserved,      37.25 MB (  3%) committed. 

Chunk freelists:
   Non-Class:  15.32 MB
       Class:  11.29 MB
        Both:  26.60 MB

MaxMetaspaceSize: unlimited
CompressedClassSpaceSize: 1.00 GB
Initial GC threshold: 21.00 MB
Current GC threshold: 58.88 MB
CDS: on
 - commit_granule_bytes: 65536.
 - commit_granule_words: 8192.
 - virtual_space_node_default_size: 8388608.
 - enlarge_chunks_in_place: 1.
 - use_allocation_guard: 0.


Internal statistics:

num_allocs_failed_limit: 6.
num_arena_births: 456.
num_arena_deaths: 0.
num_vsnodes_births: 2.
num_vsnodes_deaths: 0.
num_space_committed: 595.
num_space_uncommitted: 0.
num_chunks_returned_to_freelist: 6.
num_chunks_taken_from_freelist: 1853.
num_chunk_merges: 6.
num_chunk_splits: 1294.
num_chunks_enlarged: 981.
num_inconsistent_stats: 0.

CodeHeap 'non-profiled nmethods': size=120000Kb used=4261Kb max_used=4456Kb free=115739Kb
 bounds [0x0000017a94d60000, 0x0000017a951d0000, 0x0000017a9c290000]
CodeHeap 'profiled nmethods': size=120000Kb used=16556Kb max_used=16594Kb free=103443Kb
 bounds [0x0000017a8d290000, 0x0000017a8e2d0000, 0x0000017a947c0000]
CodeHeap 'non-nmethods': size=5760Kb used=1431Kb max_used=1515Kb free=4328Kb
 bounds [0x0000017a947c0000, 0x0000017a94a30000, 0x0000017a94d60000]
CodeCache: size=245760Kb, used=22248Kb, max_used=22565Kb, free=223510Kb
 total_blobs=8001, nmethods=7414, adapters=491, full_count=0
Compilation: enabled, stopped_count=0, restarted_count=0

Compilation events (20 events):
Event: 5.256 Thread 0x0000017aa443ee50 8275       2       com.sun.tools.javac.code.Scope$CompoundScope::lambda$getSymbols$1 (15 bytes)
Event: 5.257 Thread 0x0000017aa443ee50 nmethod 8275 0x0000017a8d487b90 code [0x0000017a8d487d60, 0x0000017a8d488280]
Event: 5.257 Thread 0x0000017aa443ee50 8279       2       com.sun.tools.javac.comp.Resolve::findField (316 bytes)
Event: 5.258 Thread 0x0000017aa443ee50 nmethod 8279 0x0000017a8d571d10 code [0x0000017a8d572040, 0x0000017a8d572c50]
Event: 5.258 Thread 0x0000017aa443ee50 8280       3       com.sun.tools.javac.util.ListBuffer::nonEmpty (13 bytes)
Event: 5.258 Thread 0x0000017aa443ee50 nmethod 8280 0x0000017a8d571990 code [0x0000017a8d571b20, 0x0000017a8d571c80]
Event: 5.258 Thread 0x0000017aa443ee50 8285       3       com.sun.tools.javac.comp.Flow$BaseAnalyzer::scan (27 bytes)
Event: 5.259 Thread 0x0000017aa443ee50 nmethod 8285 0x0000017a8d571390 code [0x0000017a8d571560, 0x0000017a8d571868]
Event: 5.259 Thread 0x0000017aa443ee50 8286       3       com.sun.tools.javac.tree.TreeTranslator::translate (23 bytes)
Event: 5.259 Thread 0x0000017aa443ee50 nmethod 8286 0x0000017a8d570e90 code [0x0000017a8d571040, 0x0000017a8d5712c0]
Event: 5.259 Thread 0x0000017aa443ee50 8283       2       com.sun.tools.javac.util.Bits::<init> (72 bytes)
Event: 5.259 Thread 0x0000017aa443ee50 nmethod 8283 0x0000017a8d570810 code [0x0000017a8d5709e0, 0x0000017a8d570d40]
Event: 5.259 Thread 0x0000017aa443ee50 8284       2       com.sun.tools.javac.comp.Flow$AssignAnalyzer::scan (6 bytes)
Event: 5.259 Thread 0x0000017aa443ee50 nmethod 8284 0x0000017a8d570410 code [0x0000017a8d5705c0, 0x0000017a8d570738]
Event: 5.259 Thread 0x0000017aa443ee50 8281   !   2       com.sun.tools.javac.code.Symbol$VarSymbol::getConstValue (72 bytes)
Event: 5.259 Thread 0x0000017aa443ee50 nmethod 8281 0x0000017a8d56fd10 code [0x0000017a8d56fee0, 0x0000017a8d5702b8]
Event: 5.259 Thread 0x0000017aa443ee50 8282       1       com.sun.tools.javac.code.Type$JCVoidType::isPrimitiveOrVoid (2 bytes)
Event: 5.259 Thread 0x0000017aa443ee50 nmethod 8282 0x0000017a94ea0f10 code [0x0000017a94ea10a0, 0x0000017a94ea1168]
Event: 5.260 Thread 0x0000017aa443ee50 8287       2       com.sun.tools.javac.util.ByteBuffer::toName (17 bytes)
Event: 5.260 Thread 0x0000017aa443ee50 nmethod 8287 0x0000017a8d56f910 code [0x0000017a8d56fac0, 0x0000017a8d56fc10]

GC Heap History (14 events):
Event: 0.475 GC heap before
{Heap before GC invocations=0 (full 0):
 garbage-first heap   total 262144K, used 22528K [0x0000000701200000, 0x0000000800000000)
  region size 2048K, 11 young (22528K), 0 survivors (0K)
 Metaspace       used 5606K, committed 5760K, reserved 1114112K
  class space    used 659K, committed 768K, reserved 1048576K
}
Event: 0.478 GC heap after
{Heap after GC invocations=1 (full 0):
 garbage-first heap   total 262144K, used 4017K [0x0000000701200000, 0x0000000800000000)
  region size 2048K, 2 young (4096K), 2 survivors (4096K)
 Metaspace       used 5606K, committed 5760K, reserved 1114112K
  class space    used 659K, committed 768K, reserved 1048576K
}
Event: 0.896 GC heap before
{Heap before GC invocations=1 (full 0):
 garbage-first heap   total 262144K, used 36785K [0x0000000701200000, 0x0000000800000000)
  region size 2048K, 18 young (36864K), 2 survivors (4096K)
 Metaspace       used 9695K, committed 9856K, reserved 1114112K
  class space    used 1162K, committed 1280K, reserved 1048576K
}
Event: 0.899 GC heap after
{Heap after GC invocations=2 (full 0):
 garbage-first heap   total 262144K, used 5407K [0x0000000701200000, 0x0000000800000000)
  region size 2048K, 1 young (2048K), 1 survivors (2048K)
 Metaspace       used 9695K, committed 9856K, reserved 1114112K
  class space    used 1162K, committed 1280K, reserved 1048576K
}
Event: 3.093 GC heap before
{Heap before GC invocations=2 (full 0):
 garbage-first heap   total 262144K, used 161055K [0x0000000701200000, 0x0000000800000000)
  region size 2048K, 76 young (155648K), 1 survivors (2048K)
 Metaspace       used 20403K, committed 20800K, reserved 1114112K
  class space    used 2364K, committed 2560K, reserved 1048576K
}
Event: 3.102 GC heap after
{Heap after GC invocations=3 (full 0):
 garbage-first heap   total 262144K, used 23774K [0x0000000701200000, 0x0000000800000000)
  region size 2048K, 8 young (16384K), 8 survivors (16384K)
 Metaspace       used 20403K, committed 20800K, reserved 1114112K
  class space    used 2364K, committed 2560K, reserved 1048576K
}
Event: 3.140 GC heap before
{Heap before GC invocations=3 (full 0):
 garbage-first heap   total 262144K, used 23774K [0x0000000701200000, 0x0000000800000000)
  region size 2048K, 9 young (18432K), 8 survivors (16384K)
 Metaspace       used 21171K, committed 21504K, reserved 1114112K
  class space    used 2494K, committed 2688K, reserved 1048576K
}
Event: 3.147 GC heap after
{Heap after GC invocations=4 (full 0):
 garbage-first heap   total 262144K, used 24249K [0x0000000701200000, 0x0000000800000000)
  region size 2048K, 1 young (2048K), 1 survivors (2048K)
 Metaspace       used 21171K, committed 21504K, reserved 1114112K
  class space    used 2494K, committed 2688K, reserved 1048576K
}
Event: 3.955 GC heap before
{Heap before GC invocations=5 (full 0):
 garbage-first heap   total 81920K, used 81593K [0x0000000701200000, 0x0000000800000000)
  region size 2048K, 29 young (59392K), 1 survivors (2048K)
 Metaspace       used 27725K, committed 28096K, reserved 1114112K
  class space    used 3169K, committed 3328K, reserved 1048576K
}
Event: 3.963 GC heap after
{Heap after GC invocations=6 (full 0):
 garbage-first heap   total 98304K, used 38541K [0x0000000701200000, 0x0000000800000000)
  region size 2048K, 8 young (16384K), 8 survivors (16384K)
 Metaspace       used 27725K, committed 28096K, reserved 1114112K
  class space    used 3169K, committed 3328K, reserved 1048576K
}
Event: 4.359 GC heap before
{Heap before GC invocations=6 (full 0):
 garbage-first heap   total 98304K, used 75405K [0x0000000701200000, 0x0000000800000000)
  region size 2048K, 26 young (53248K), 8 survivors (16384K)
 Metaspace       used 29401K, committed 29824K, reserved 1114112K
  class space    used 3388K, committed 3584K, reserved 1048576K
}
Event: 4.367 GC heap after
{Heap after GC invocations=7 (full 0):
 garbage-first heap   total 98304K, used 39298K [0x0000000701200000, 0x0000000800000000)
  region size 2048K, 1 young (2048K), 1 survivors (2048K)
 Metaspace       used 29401K, committed 29824K, reserved 1114112K
  class space    used 3388K, committed 3584K, reserved 1048576K
}
Event: 4.847 GC heap before
{Heap before GC invocations=7 (full 0):
 garbage-first heap   total 98304K, used 74114K [0x0000000701200000, 0x0000000800000000)
  region size 2048K, 19 young (38912K), 1 survivors (2048K)
 Metaspace       used 35650K, committed 36096K, reserved 1114112K
  class space    used 4217K, committed 4416K, reserved 1048576K
}
Event: 4.854 GC heap after
{Heap after GC invocations=8 (full 0):
 garbage-first heap   total 98304K, used 42519K [0x0000000701200000, 0x0000000800000000)
  region size 2048K, 3 young (6144K), 3 survivors (6144K)
 Metaspace       used 35650K, committed 36096K, reserved 1114112K
  class space    used 4217K, committed 4416K, reserved 1048576K
}

Dll operation events (8 events):
Event: 0.005 Loaded shared library C:\Program Files\Microsoft\jdk-21.0.10.7-hotspot\bin\java.dll
Event: 0.028 Loaded shared library C:\Program Files\Microsoft\jdk-21.0.10.7-hotspot\bin\jsvml.dll
Event: 0.040 Loaded shared library C:\Program Files\Microsoft\jdk-21.0.10.7-hotspot\bin\net.dll
Event: 0.041 Loaded shared library C:\Program Files\Microsoft\jdk-21.0.10.7-hotspot\bin\nio.dll
Event: 0.043 Loaded shared library C:\Program Files\Microsoft\jdk-21.0.10.7-hotspot\bin\zip.dll
Event: 0.147 Loaded shared library C:\Program Files\Microsoft\jdk-21.0.10.7-hotspot\bin\jimage.dll
Event: 0.148 Loaded shared library C:\Users\jorge\scoop\apps\maven\current\lib\jansi-native\Windows\x86_64\jansi.dll
Event: 0.160 Loaded shared library C:\Program Files\Microsoft\jdk-21.0.10.7-hotspot\bin\verify.dll

Deoptimization events (20 events):
Event: 5.230 Thread 0x0000017a84b62de0 Uncommon trap: trap_request=0xffffffde fr.pc=0x0000017a94e97a30 relative=0x00000000000005d0
Event: 5.230 Thread 0x0000017a84b62de0 Uncommon trap: reason=class_check action=maybe_recompile pc=0x0000017a94e97a30 method=com.sun.tools.javac.code.Types$12.visitClassType(Lcom/sun/tools/javac/code/Type$ClassType;Lcom/sun/tools/javac/code/Symbol;)Lcom/sun/tools/javac/code/Type; @ 98 c2
Event: 5.230 Thread 0x0000017a84b62de0 DEOPT PACKING pc=0x0000017a94e97a30 sp=0x00000059a8ffbb20
Event: 5.230 Thread 0x0000017a84b62de0 DEOPT UNPACKING pc=0x0000017a94814422 sp=0x00000059a8ffbab0 mode 2
Event: 5.231 Thread 0x0000017a84b62de0 Uncommon trap: trap_request=0xffffffde fr.pc=0x0000017a94e80a58 relative=0x00000000000007f8
Event: 5.231 Thread 0x0000017a84b62de0 Uncommon trap: reason=class_check action=maybe_recompile pc=0x0000017a94e80a58 method=com.sun.tools.javac.code.Types$12.visitClassType(Lcom/sun/tools/javac/code/Type$ClassType;Ljava/lang/Object;)Ljava/lang/Object; @ 3 c2
Event: 5.231 Thread 0x0000017a84b62de0 DEOPT PACKING pc=0x0000017a94e80a58 sp=0x00000059a8ffbc40
Event: 5.231 Thread 0x0000017a84b62de0 DEOPT UNPACKING pc=0x0000017a94814422 sp=0x00000059a8ffbbd8 mode 2
Event: 5.231 Thread 0x0000017a84b62de0 Uncommon trap: trap_request=0xffffffde fr.pc=0x0000017a94e97a30 relative=0x00000000000005d0
Event: 5.231 Thread 0x0000017a84b62de0 Uncommon trap: reason=class_check action=maybe_recompile pc=0x0000017a94e97a30 method=com.sun.tools.javac.code.Types$12.visitClassType(Lcom/sun/tools/javac/code/Type$ClassType;Lcom/sun/tools/javac/code/Symbol;)Lcom/sun/tools/javac/code/Type; @ 98 c2
Event: 5.231 Thread 0x0000017a84b62de0 DEOPT PACKING pc=0x0000017a94e97a30 sp=0x00000059a8ffbbb0
Event: 5.231 Thread 0x0000017a84b62de0 DEOPT UNPACKING pc=0x0000017a94814422 sp=0x00000059a8ffbb40 mode 2
Event: 5.237 Thread 0x0000017a84b62de0 Uncommon trap: trap_request=0xffffffde fr.pc=0x0000017a95161bb0 relative=0x0000000000000810
Event: 5.237 Thread 0x0000017a84b62de0 Uncommon trap: reason=class_check action=maybe_recompile pc=0x0000017a95161bb0 method=com.sun.tools.javac.code.Scope$ScopeListenerList.walkReferences(Lcom/sun/tools/javac/code/Symbol;Lcom/sun/tools/javac/code/Scope;Z)V @ 20 c2
Event: 5.237 Thread 0x0000017a84b62de0 DEOPT PACKING pc=0x0000017a95161bb0 sp=0x00000059a8ffd9d0
Event: 5.237 Thread 0x0000017a84b62de0 DEOPT UNPACKING pc=0x0000017a94814422 sp=0x00000059a8ffd8a0 mode 2
Event: 5.238 Thread 0x0000017a84b62de0 Uncommon trap: trap_request=0xffffff3d fr.pc=0x0000017a9514cc40 relative=0x00000000000005e0
Event: 5.238 Thread 0x0000017a84b62de0 Uncommon trap: reason=unstable_fused_if action=reinterpret pc=0x0000017a9514cc40 method=com.sun.tools.javac.util.Convert.chars2utf([CI[BII)I @ 28 c2
Event: 5.238 Thread 0x0000017a84b62de0 DEOPT PACKING pc=0x0000017a9514cc40 sp=0x00000059a8ffc870
Event: 5.238 Thread 0x0000017a84b62de0 DEOPT UNPACKING pc=0x0000017a94814422 sp=0x00000059a8ffc718 mode 2

Classes loaded (20 events):
Event: 5.158 Loading class java/lang/invoke/MethodHandleImpl$Makers$2
Event: 5.158 Loading class java/lang/invoke/MethodHandleImpl$Makers$2 done
Event: 5.158 Loading class java/lang/invoke/MethodHandleImpl$Makers$3
Event: 5.158 Loading class java/lang/invoke/MethodHandleImpl$Makers$3 done
Event: 5.160 Loading class java/lang/runtime/ObjectMethods$1
Event: 5.160 Loading class java/lang/runtime/ObjectMethods$1 done
Event: 5.164 Loading class java/lang/invoke/DirectMethodHandle$1
Event: 5.164 Loading class java/lang/invoke/DirectMethodHandle$1 done
Event: 5.167 Loading class java/util/function/ToIntBiFunction
Event: 5.168 Loading class java/util/function/ToIntBiFunction done
Event: 5.187 Loading class java/util/EnumMap$EntrySet
Event: 5.188 Loading class java/util/EnumMap$EntrySet done
Event: 5.188 Loading class java/util/EnumMap$EntryIterator
Event: 5.188 Loading class java/util/EnumMap$EnumMapIterator
Event: 5.188 Loading class java/util/EnumMap$EnumMapIterator done
Event: 5.188 Loading class java/util/EnumMap$EntryIterator done
Event: 5.188 Loading class java/util/EnumMap$EntryIterator$Entry
Event: 5.188 Loading class java/util/EnumMap$EntryIterator$Entry done
Event: 5.216 Loading class java/io/DataOutputStream
Event: 5.216 Loading class java/io/DataOutputStream done

Classes unloaded (0 events):
No events

Classes redefined (0 events):
No events

Internal exceptions (20 events):
Event: 5.239 Thread 0x0000017a84b62de0 Exception <a 'sun/nio/fs/WindowsException'{0x000000070509ca08}> (0x000000070509ca08) 
thrown [s\src\hotspot\share\prims\jni.cpp, line 520]
Event: 5.245 Thread 0x0000017a84b62de0 Exception <a 'sun/nio/fs/WindowsException'{0x00000007050e5e48}> (0x00000007050e5e48) 
thrown [s\src\hotspot\share\prims\jni.cpp, line 520]
Event: 5.245 Thread 0x0000017a84b62de0 Exception <a 'sun/nio/fs/WindowsException'{0x00000007050e6568}> (0x00000007050e6568) 
thrown [s\src\hotspot\share\prims\jni.cpp, line 520]
Event: 5.245 Thread 0x0000017a84b62de0 Exception <a 'sun/nio/fs/WindowsException'{0x00000007050e76b0}> (0x00000007050e76b0) 
thrown [s\src\hotspot\share\prims\jni.cpp, line 520]
Event: 5.245 Thread 0x0000017a84b62de0 Exception <a 'sun/nio/fs/WindowsException'{0x00000007050e7e88}> (0x00000007050e7e88) 
thrown [s\src\hotspot\share\prims\jni.cpp, line 520]
Event: 5.249 Thread 0x0000017a84b62de0 Exception <a 'sun/nio/fs/WindowsException'{0x0000000705104768}> (0x0000000705104768) 
thrown [s\src\hotspot\share\prims\jni.cpp, line 520]
Event: 5.249 Thread 0x0000017a84b62de0 Exception <a 'sun/nio/fs/WindowsException'{0x0000000705104e90}> (0x0000000705104e90) 
thrown [s\src\hotspot\share\prims\jni.cpp, line 520]
Event: 5.249 Thread 0x0000017a84b62de0 Exception <a 'sun/nio/fs/WindowsException'{0x0000000705106000}> (0x0000000705106000) 
thrown [s\src\hotspot\share\prims\jni.cpp, line 520]
Event: 5.250 Thread 0x0000017a84b62de0 Exception <a 'sun/nio/fs/WindowsException'{0x0000000705110960}> (0x0000000705110960) 
thrown [s\src\hotspot\share\prims\jni.cpp, line 520]
Event: 5.251 Thread 0x0000017a84b62de0 Exception <a 'sun/nio/fs/WindowsException'{0x0000000705121558}> (0x0000000705121558) 
thrown [s\src\hotspot\share\prims\jni.cpp, line 520]
Event: 5.251 Thread 0x0000017a84b62de0 Exception <a 'sun/nio/fs/WindowsException'{0x00000007051496a0}> (0x00000007051496a0) 
thrown [s\src\hotspot\share\prims\jni.cpp, line 520]
Event: 5.256 Thread 0x0000017a84b62de0 Exception <a 'sun/nio/fs/WindowsException'{0x00000007051c25e0}> (0x00000007051c25e0) 
thrown [s\src\hotspot\share\prims\jni.cpp, line 520]
Event: 5.256 Thread 0x0000017a84b62de0 Exception <a 'sun/nio/fs/WindowsException'{0x00000007051c2d18}> (0x00000007051c2d18) 
thrown [s\src\hotspot\share\prims\jni.cpp, line 520]
Event: 5.256 Thread 0x0000017a84b62de0 Exception <a 'sun/nio/fs/WindowsException'{0x00000007051c3f10}> (0x00000007051c3f10) 
thrown [s\src\hotspot\share\prims\jni.cpp, line 520]
Event: 5.256 Thread 0x0000017a84b62de0 Exception <a 'sun/nio/fs/WindowsException'{0x00000007051c4700}> (0x00000007051c4700) 
thrown [s\src\hotspot\share\prims\jni.cpp, line 520]
Event: 5.259 Thread 0x0000017a84b62de0 Exception <a 'sun/nio/fs/WindowsException'{0x00000007051e13b0}> (0x00000007051e13b0) 
thrown [s\src\hotspot\share\prims\jni.cpp, line 520]
Event: 5.259 Thread 0x0000017a84b62de0 Exception <a 'sun/nio/fs/WindowsException'{0x00000007051e1ac8}> (0x00000007051e1ac8) 
thrown [s\src\hotspot\share\prims\jni.cpp, line 520]
Event: 5.259 Thread 0x0000017a84b62de0 Exception <a 'sun/nio/fs/WindowsException'{0x00000007051e2bb0}> (0x00000007051e2bb0) 
thrown [s\src\hotspot\share\prims\jni.cpp, line 520]
Event: 5.259 Thread 0x0000017a84b62de0 Exception <a 'sun/nio/fs/WindowsException'{0x00000007051e3390}> (0x00000007051e3390) 
thrown [s\src\hotspot\share\prims\jni.cpp, line 520]
Event: 5.260 Thread 0x0000017a84b62de0 Implicit null exception at 0x0000017a8d2f68be to 0x0000000000000000

ZGC Phase Switch (0 events):
No events

VM Operations (20 events):
Event: 5.060 Executing safepoint VM operation: ICBufferFull
Event: 5.060 Executing safepoint VM operation: ICBufferFull done
Event: 5.087 Executing non-safepoint VM operation: HandshakeAllThreads (Deoptimize)
Event: 5.087 Executing non-safepoint VM operation: HandshakeAllThreads (Deoptimize) done
Event: 5.089 Executing non-safepoint VM operation: HandshakeAllThreads (Deoptimize)
Event: 5.089 Executing non-safepoint VM operation: HandshakeAllThreads (Deoptimize) done
Event: 5.105 Executing non-safepoint VM operation: HandshakeAllThreads (Deoptimize)
Event: 5.105 Executing non-safepoint VM operation: HandshakeAllThreads (Deoptimize) done
Event: 5.115 Executing non-safepoint VM operation: HandshakeAllThreads (Deoptimize)
Event: 5.115 Executing non-safepoint VM operation: HandshakeAllThreads (Deoptimize) done
Event: 5.139 Executing safepoint VM operation: ICBufferFull
Event: 5.139 Executing safepoint VM operation: ICBufferFull done
Event: 5.151 Executing non-safepoint VM operation: HandshakeAllThreads (Deoptimize)
Event: 5.151 Executing non-safepoint VM operation: HandshakeAllThreads (Deoptimize) done
Event: 5.214 Executing safepoint VM operation: ICBufferFull
Event: 5.214 Executing safepoint VM operation: ICBufferFull done
Event: 5.227 Executing non-safepoint VM operation: HandshakeAllThreads (Deoptimize)
Event: 5.227 Executing non-safepoint VM operation: HandshakeAllThreads (Deoptimize) done
Event: 5.228 Executing non-safepoint VM operation: HandshakeAllThreads (Deoptimize)
Event: 5.228 Executing non-safepoint VM operation: HandshakeAllThreads (Deoptimize) done

Memory protections (0 events):
No events

Nmethod flushes (20 events):
Event: 4.885 Thread 0x0000017aa440a3d0 flushing  nmethod 0x0000017a8dbc9a90
Event: 4.885 Thread 0x0000017aa440a3d0 flushing  nmethod 0x0000017a8dbcce90
Event: 4.885 Thread 0x0000017aa440a3d0 flushing  nmethod 0x0000017a8dc1f410
Event: 4.885 Thread 0x0000017aa440a3d0 flushing  nmethod 0x0000017a8dc5ff90
Event: 4.885 Thread 0x0000017aa440a3d0 flushing  nmethod 0x0000017a8dc7bc10
Event: 4.885 Thread 0x0000017aa440a3d0 flushing  nmethod 0x0000017a8dcfb210
Event: 4.885 Thread 0x0000017aa440a3d0 flushing  nmethod 0x0000017a8dd09310
Event: 4.885 Thread 0x0000017aa440a3d0 flushing  nmethod 0x0000017a8dd0ac10
Event: 4.885 Thread 0x0000017aa440a3d0 flushing  nmethod 0x0000017a8dd0b610
Event: 4.885 Thread 0x0000017aa440a3d0 flushing  nmethod 0x0000017a8dd0bb90
Event: 4.885 Thread 0x0000017aa440a3d0 flushing  nmethod 0x0000017a8dd0bf90
Event: 4.885 Thread 0x0000017aa440a3d0 flushing  nmethod 0x0000017a8dd0c310
Event: 4.885 Thread 0x0000017aa440a3d0 flushing  nmethod 0x0000017a8dd0c890
Event: 4.885 Thread 0x0000017aa440a3d0 flushing  nmethod 0x0000017a8dd0ce10
Event: 4.885 Thread 0x0000017aa440a3d0 flushing  nmethod 0x0000017a8dd0d390
Event: 4.885 Thread 0x0000017aa440a3d0 flushing  nmethod 0x0000017a8dd0d910
Event: 4.885 Thread 0x0000017aa440a3d0 flushing  nmethod 0x0000017a8dd0de90
Event: 4.885 Thread 0x0000017aa440a3d0 flushing  nmethod 0x0000017a8dd10090
Event: 4.885 Thread 0x0000017aa440a3d0 flushing  nmethod 0x0000017a8dd10790
Event: 4.885 Thread 0x0000017aa440a3d0 flushing  nmethod 0x0000017a8dd10d10

Events (16 events):
Event: 0.016 Thread 0x0000017a84b62de0 Thread added: 0x0000017a84b62de0
Event: 0.026 Thread 0x0000017a84b62de0 Thread added: 0x0000017aa44296a0
Event: 0.026 Thread 0x0000017a84b62de0 Thread added: 0x0000017aa442a5c0
Event: 0.026 Thread 0x0000017a84b62de0 Thread added: 0x0000017aa442c230
Event: 0.026 Thread 0x0000017a84b62de0 Thread added: 0x0000017aa442ce90
Event: 0.026 Thread 0x0000017a84b62de0 Thread added: 0x0000017aa442f900
Event: 0.026 Thread 0x0000017a84b62de0 Thread added: 0x0000017aa4431370
Event: 0.026 Thread 0x0000017a84b62de0 Thread added: 0x0000017aa443c3a0
Event: 0.026 Thread 0x0000017a84b62de0 Thread added: 0x0000017aa443ee50
Event: 0.037 Thread 0x0000017a84b62de0 Thread added: 0x0000017aa45a9330
Event: 0.038 Thread 0x0000017a84b62de0 Thread added: 0x0000017aa45aa990
Event: 0.145 Thread 0x0000017a84b62de0 Thread added: 0x0000017aea17e470
Event: 0.165 Thread 0x0000017aea17e470 Thread exited: 0x0000017aea17e470
Event: 0.260 Thread 0x0000017aa443ee50 Thread added: 0x0000017aea28fb20
Event: 0.471 Thread 0x0000017aa443ee50 Thread added: 0x0000017aea49c820
Event: 1.250 Thread 0x0000017a84b62de0 Thread added: 0x0000017aeae3d920


Dynamic libraries:
0x00007ff7d9c00000 - 0x00007ff7d9c0e000 	C:\Program Files\Microsoft\jdk-21.0.10.7-hotspot\bin\java.exe
0x00007ffddef90000 - 0x00007ffddf188000 	C:\WINDOWS\SYSTEM32\ntdll.dll
0x00007ffdde3c0000 - 0x00007ffdde482000 	C:\WINDOWS\System32\KERNEL32.DLL
0x00007ffddcc00000 - 0x00007ffddcef6000 	C:\WINDOWS\System32\KERNELBASE.dll
0x00007ffddc9e0000 - 0x00007ffddcae0000 	C:\WINDOWS\System32\ucrtbase.dll
0x00007ffdaefd0000 - 0x00007ffdaefee000 	C:\Program Files\Microsoft\jdk-21.0.10.7-hotspot\bin\VCRUNTIME140.dll
0x00007ffdaebb0000 - 0x00007ffdaebc8000 	C:\Program Files\Microsoft\jdk-21.0.10.7-hotspot\bin\jli.dll
0x00007ffdddf50000 - 0x00007ffdde0f1000 	C:\WINDOWS\System32\USER32.dll
0x00007ffddc790000 - 0x00007ffddc7b2000 	C:\WINDOWS\System32\win32u.dll
0x00007ffddbab0000 - 0x00007ffddbd4b000 	C:\WINDOWS\WinSxS\amd64_microsoft.windows.common-controls_6595b64144ccf1df_6.0.19041.6456_none_60b8a6cb71f64256\COMCTL32.dll
0x00007ffdddde0000 - 0x00007ffddde0b000 	C:\WINDOWS\System32\GDI32.dll
0x00007ffddee00000 - 0x00007ffddee9e000 	C:\WINDOWS\System32\msvcrt.dll
0x00007ffddc620000 - 0x00007ffddc739000 	C:\WINDOWS\System32\gdi32full.dll
0x00007ffddcae0000 - 0x00007ffddcb7d000 	C:\WINDOWS\System32\msvcp_win.dll
0x00007ffddd430000 - 0x00007ffddd45f000 	C:\WINDOWS\System32\IMM32.DLL
0x00007ffdc1c10000 - 0x00007ffdc1c1c000 	C:\Program Files\Microsoft\jdk-21.0.10.7-hotspot\bin\vcruntime140_1.dll
0x00007ffdad660000 - 0x00007ffdad6e9000 	C:\Program Files\Microsoft\jdk-21.0.10.7-hotspot\bin\msvcp140.dll
0x00007ffd50e90000 - 0x00007ffd51c3d000 	C:\Program Files\Microsoft\jdk-21.0.10.7-hotspot\bin\server\jvm.dll
0x00007ffdde160000 - 0x00007ffdde211000 	C:\WINDOWS\System32\ADVAPI32.dll
0x00007ffddd040000 - 0x00007ffddd0df000 	C:\WINDOWS\System32\sechost.dll
0x00007ffddece0000 - 0x00007ffddee00000 	C:\WINDOWS\System32\RPCRT4.dll
0x00007ffddc850000 - 0x00007ffddc877000 	C:\WINDOWS\System32\bcrypt.dll
0x00007ffddec70000 - 0x00007ffddecdb000 	C:\WINDOWS\System32\WS2_32.dll
0x00007ffddc190000 - 0x00007ffddc1db000 	C:\WINDOWS\SYSTEM32\POWRPROF.dll
0x00007ffdd96b0000 - 0x00007ffdd96ba000 	C:\WINDOWS\SYSTEM32\VERSION.dll
0x00007ffdcb120000 - 0x00007ffdcb147000 	C:\WINDOWS\SYSTEM32\WINMM.dll
0x00007ffddbd50000 - 0x00007ffddbd62000 	C:\WINDOWS\SYSTEM32\UMPDC.dll
0x00007ffdda700000 - 0x00007ffdda712000 	C:\WINDOWS\SYSTEM32\kernel.appcore.dll
0x00007ffdbe530000 - 0x00007ffdbe53a000 	C:\Program Files\Microsoft\jdk-21.0.10.7-hotspot\bin\jimage.dll
0x00007ffddbf80000 - 0x00007ffddc181000 	C:\WINDOWS\SYSTEM32\DBGHELP.DLL
0x00007ffddbf40000 - 0x00007ffddbf74000 	C:\WINDOWS\SYSTEM32\dbgcore.DLL
0x00007ffddc7c0000 - 0x00007ffddc842000 	C:\WINDOWS\System32\bcryptPrimitives.dll
0x00007ffdaeb20000 - 0x00007ffdaeb41000 	C:\Program Files\Microsoft\jdk-21.0.10.7-hotspot\bin\java.dll
0x00007ffddd4c0000 - 0x00007ffdddc30000 	C:\WINDOWS\System32\SHELL32.dll
0x00007ffdd9940000 - 0x00007ffdda0e5000 	C:\WINDOWS\SYSTEM32\windows.storage.dll
0x00007ffdde900000 - 0x00007ffddec54000 	C:\WINDOWS\System32\combase.dll
0x00007ffddb840000 - 0x00007ffddb86b000 	C:\WINDOWS\SYSTEM32\Wldp.dll
0x00007ffddd2c0000 - 0x00007ffddd38d000 	C:\WINDOWS\System32\OLEAUT32.dll
0x00007ffddd210000 - 0x00007ffddd2bd000 	C:\WINDOWS\System32\SHCORE.dll
0x00007ffdde100000 - 0x00007ffdde15b000 	C:\WINDOWS\System32\shlwapi.dll
0x00007ffddc550000 - 0x00007ffddc574000 	C:\WINDOWS\SYSTEM32\profapi.dll
0x00007ffdacdc0000 - 0x00007ffdace96000 	C:\Program Files\Microsoft\jdk-21.0.10.7-hotspot\bin\jsvml.dll
0x00007ffdae840000 - 0x00007ffdae851000 	C:\Program Files\Microsoft\jdk-21.0.10.7-hotspot\bin\net.dll
0x00007ffdd7fd0000 - 0x00007ffdd80da000 	C:\WINDOWS\SYSTEM32\WINHTTP.dll
0x00007ffddb620000 - 0x00007ffddb68a000 	C:\WINDOWS\system32\mswsock.dll
0x00007ffdad640000 - 0x00007ffdad656000 	C:\Program Files\Microsoft\jdk-21.0.10.7-hotspot\bin\nio.dll
0x00007ffdad620000 - 0x00007ffdad638000 	C:\Program Files\Microsoft\jdk-21.0.10.7-hotspot\bin\zip.dll
0x00007ffdad430000 - 0x00007ffdad454000 	C:\Users\jorge\scoop\apps\maven\current\lib\jansi-native\Windows\x86_64\jansi.dll
0x00007ffdbe440000 - 0x00007ffdbe450000 	C:\Program Files\Microsoft\jdk-21.0.10.7-hotspot\bin\verify.dll

JVMTI agents: none

dbghelp: loaded successfully - version: 4.0.5 - missing functions: none
symbol engine: initialized successfully - sym options: 0x614 - pdb path: .;C:\Program Files\Microsoft\jdk-21.0.10.7-hotspot\bin;C:\WINDOWS\SYSTEM32;C:\WINDOWS\WinSxS\amd64_microsoft.windows.common-controls_6595b64144ccf1df_6.0.19041.6456_none_60b8a6cb71f64256;C:\Program Files\Microsoft\jdk-21.0.10.7-hotspot\bin\server;C:\Users\jorge\scoop\apps\maven\current\lib\jansi-native\Windows\x86_64

VM Arguments:
jvm_args: --enable-native-access=ALL-UNNAMED -Dclassworlds.conf=C:\Users\jorge\scoop\apps\maven\current\bin\m2.conf -Dmaven.home=C:\Users\jorge\scoop\apps\maven\current -Dlibrary.jansi.path=C:\Users\jorge\scoop\apps\maven\current\lib\jansi-native -Dmaven.multiModuleProjectDirectory=C:\Users\jorge\OneDrive\Desktop\Backend III\Semana 4\Banco-central\banco-central-xyz 
java_command: org.codehaus.plexus.classworlds.launcher.Launcher clean compile
java_class_path (initial): C:\Users\jorge\scoop\apps\maven\current\boot\plexus-classworlds-2.9.0.jar
Launcher Type: SUN_STANDARD

[Global flags]
     intx CICompilerCount                          = 4                                         {product} {ergonomic}
     uint ConcGCThreads                            = 3                                         {product} {ergonomic}
     uint G1ConcRefinementThreads                  = 10                                        {product} {ergonomic}
   size_t G1HeapRegionSize                         = 2097152                                   {product} {ergonomic}
    uintx GCDrainStackTargetSize                   = 64                                        {product} {ergonomic}
   size_t InitialHeapSize                          = 268435456                                 {product} {ergonomic}
   size_t MarkStackSize                            = 4194304                                   {product} {ergonomic}
   size_t MaxHeapSize                              = 4276092928                                {product} {ergonomic}
   size_t MaxNewSize                               = 2564816896                                {product} {ergonomic}
   size_t MinHeapDeltaBytes                        = 2097152                                   {product} {ergonomic}
   size_t MinHeapSize                              = 8388608                                   {product} {ergonomic}
    uintx NonNMethodCodeHeapSize                   = 5839372                                {pd product} {ergonomic}
    uintx NonProfiledCodeHeapSize                  = 122909434                              {pd product} {ergonomic}
    uintx ProfiledCodeHeapSize                     = 122909434                              {pd product} {ergonomic}
    uintx ReservedCodeCacheSize                    = 251658240                              {pd product} {ergonomic}
     bool SegmentedCodeCache                       = true                                      {product} {ergonomic}
   size_t SoftMaxHeapSize                          = 4276092928                             {manageable} {ergonomic}
     bool UseCompressedOops                        = true                           {product lp64_product} {ergonomic}
     bool UseG1GC                                  = true                                      {product} {ergonomic}
     bool UseLargePagesIndividualAllocation        = false                                  {pd product} {ergonomic}

Logging:
Log output configuration:
 #0: stdout all=warning uptime,level,tags foldmultilines=false
 #1: stderr all=off uptime,level,tags foldmultilines=false

Release file:
IMPLEMENTOR="Microsoft" 
IMPLEMENTOR_VERSION="Microsoft-13106404" 
JAVA_RUNTIME_VERSION="21.0.10+7-LTS" 
JAVA_VERSION="21.0.10" 
JAVA_VERSION_DATE="2026-01-20" 
LIBC="default" 
MODULES="java.base java.compiler java.datatransfer java.xml java.prefs java.desktop java.instrument java.logging java.management java.security.sasl java.naming java.rmi java.management.rmi java.net.http java.scripting java.security.jgss java.transaction.xa java.sql java.sql.rowset java.xml.crypto java.se java.smartcardio jdk.accessibility jdk.internal.jvmstat jdk.attach jdk.charsets jdk.internal.opt jdk.zipfs jdk.compiler jdk.crypto.ec jdk.crypto.cryptoki jdk.crypto.mscapi jdk.dynalink jdk.internal.ed jdk.editpad jdk.hotspot.agent jdk.httpserver jdk.incubator.vector jdk.internal.le jdk.internal.vm.ci jdk.internal.vm.compiler jdk.internal.vm.compiler.management jdk.jartool jdk.javadoc jdk.jcmd jdk.management jdk.management.agent jdk.jconsole jdk.jdeps jdk.jdwp.agent jdk.jdi jdk.jfr jdk.jlink jdk.jpackage jdk.jshell jdk.jsobject jdk.jstatd jdk.localedata jdk.management.jfr jdk.naming.dns jdk.naming.rmi jdk.net jdk.nio.mapmode jdk.random jdk.sctp jdk.security.auth jdk.security.jgss jdk.unsupported jdk.unsupported.desktop jdk.xml.dom" 
OS_ARCH="x86_64" 
OS_NAME="Windows" 
SOURCE=".:git:e69b6ef7382e" 

Environment Variables:
JAVA_HOME=C:\Program Files\Microsoft\jdk-21.0.10.7-hotspot\
PATH=C:\Program Files\Microsoft\jdk-21.0.10.7-hotspot\bin;C:\Program Files\Common Files\Oracle\Java\javapath;C:\app\jorge\product\21c\dbhomeXE\bin;C:\WINDOWS\system32;C:\WINDOWS;C:\WINDOWS\System32\Wbem;C:\WINDOWS\System32\WindowsPowerShell\v1.0\;C:\WINDOWS\System32\OpenSSH\;C:\Program Files\NVIDIA Corporation\NVIDIA App\NvDLISR;C:\Program Files (x86)\NVIDIA Corporation\PhysX\Common;C:\Program Files\nodejs\;C:\Program Files\Docker\Docker\resources\bin;C:\Program Files\Git\cmd;C:\Program Files\dotnet\;C:\Program Files\Amazon\AWSCLIV2\;C:\Program Files\Amazon\AWSSAMCLI\bin\;C:\Users\jorge\scoop\apps\maven\current\bin;C:\Users\jorge\scoop\shims;C:\Program Files\MySQL\MySQL Shell 8.0\bin\;C:\Users\jorge\AppData\Local\Programs\Python\Launcher\;C:\Users\jorge\AppData\Local\Microsoft\WindowsApps;C:\Users\jorge\AppData\Local\Programs\Microsoft VS Code\bin;C:\Program Files\JetBrains\PyCharm Community Edition 2025.1.1.1\bin;;C:\Users\jorge\AppData\Roaming\npm;C:\Users\jorge\.dotnet\tools;C:\Program Files\PostgreSQL\17\bin;C:\terraform;
USERNAME=jorge
OS=Windows_NT
PROCESSOR_IDENTIFIER=Intel64 Family 6 Model 165 Stepping 5, GenuineIntel
TMP=C:\Users\jorge\AppData\Local\Temp
TEMP=C:\Users\jorge\AppData\Local\Temp




Periodic native trim disabled

---------------  S Y S T E M  ---------------

OS:
 Windows 10 , 64 bit Build 19041 (10.0.19041.5915)
OS uptime: 2 days 0:59 hours
Hyper-V role detected

CPU: total 12 (initial active 12) (6 cores per cpu, 2 threads per core) family 6 model 165 stepping 5 microcode 0xca, cx8, cmov, fxsr, ht, mmx, 3dnowpref, sse, sse2, sse3, ssse3, sse4.1, sse4.2, popcnt, lzcnt, tsc, tscinvbit, avx, avx2, aes, erms, clmul, bmi1, bmi2, adx, fma, vzeroupper, clflush, clflushopt, hv, rdtscp, f16c
Processor Information for the first 12 processors :
  Max Mhz: 4104, Current Mhz: 3803, Mhz Limit: 4104

Memory: 4k page, system-wide physical 16310M (2783M free)
TotalPageFile size 30225M (AvailPageFile size 3401M)
current process WorkingSet (physical memory assigned to process): 299M, peak: 307M
current process commit charge ("private bytes"): 335M, peak: 428M

vm_info: OpenJDK 64-Bit Server VM (21.0.10+7-LTS) for windows-amd64 JRE (21.0.10+7-LTS), built on 2026-01-15T18:39:42Z by "MicrosoftCorporation" with MS VC++ 17.14 (VS2022)

END.
